Thread ID,Epoch,Step,Reward
0,0,1,[0.18620393 0.52576379]
0,1,1,[0.1668724  0.52720126]
0,2,1,[0.23194363 0.44701223]
0,3,1,[0.15281847 0.5433036 ]
0,4,1,[0.13714122 0.53443712]
0,5,1,[0.16269605 0.5086649 ]
0,6,1,[0.12572394 0.57397247]
0,7,1,[0.18426182 0.52631862]
0,8,1,[0.09707808 0.59105981]
0,9,1,[0.17419997 0.48870563]
0,10,1,[0.19810858 0.51032149]
0,11,1,[0.23034521 0.44179221]
0,12,1,[0.16823592 0.59970197]
0,13,1,[0.25564331 0.46000761]
0,14,1,[0.20350828 0.48326614]
0,15,1,[0.19745628 0.42289899]
0,16,1,[0.14922165 0.52570646]
0,17,1,[0.1781915  0.50494443]
0,18,1,[0.1687017  0.52609448]
0,19,1,[0.09882664 0.60011032]
0,20,1,[0.19686581 0.51631774]
0,21,1,[0.18230717 0.52270393]
0,22,1,[0.22571273 0.47244467]
0,23,1,[0.16316548 0.5140336 ]
0,24,1,[0.13553098 0.55057256]
0,25,1,[0.09376312 0.5794564 ]
0,26,1,[0.19479099 0.50143141]
0,27,1,[0.14074457 0.50312563]
1,0,1,[0.17189645 0.48823925]
1,1,1,[0.17035265 0.49011227]
1,2,1,[0.16923062 0.53671278]
1,3,1,[0.23511812 0.45175382]
1,4,1,[0.15893457 0.55541815]
1,5,1,[0.19885115 0.46195063]
1,6,1,[0.12996446 0.5107024 ]
1,7,1,[0.1559207  0.49056383]
1,8,1,[0.12036307 0.54666683]
1,9,1,[0.17082901 0.49413396]
1,10,1,[0.09524317 0.58792229]
1,11,1,[0.17404461 0.48557526]
1,12,1,[0.19263734 0.49092293]
1,13,1,[0.16138153 0.56462053]
1,14,1,[0.24237655 0.45841847]
1,15,1,[0.15108764 0.53610889]
1,16,1,[0.23740889 0.42464472]
1,17,1,[0.19692609 0.46370128]
1,18,1,[0.21063738 0.44819488]
1,19,1,[0.14672902 0.51366947]
1,20,1,[0.18563854 0.52465059]
1,21,1,[0.17272563 0.53849651]
1,22,1,[0.09837802 0.6045212 ]
1,23,1,[0.19146844 0.49270605]
1,24,1,[0.17441946 0.49917197]
1,25,1,[0.22531418 0.47650141]
1,26,1,[0.15896593 0.50453925]
1,27,1,[0.13597656 0.54118504]
1,28,1,[0.09066778 0.563953  ]
1,29,1,[0.1967583 0.5129258]
1,30,1,[0.15312865 0.5436006 ]
1,31,1,[0.20147164 0.4697326 ]
1,32,1,[0.22924994 0.44127584]
1,33,1,[0.1620013  0.50498117]
1,34,1,[0.16368534 0.51159312]
1,35,1,[0.14696923 0.58129713]
1,36,1,[0.15041341 0.52748654]
1,37,1,[0.08771179 0.54432612]
1,38,1,[0.17937026 0.5060207 ]
1,39,1,[0.15016192 0.53751901]
1,40,1,[0.18578545 0.52360963]
1,41,1,[0.21329344 0.49274919]
1,42,1,[0.14353377 0.50663401]
1,43,1,[0.13927517 0.55205939]
1,44,1,[0.17749558 0.5047674 ]
1,45,1,[0.2087897  0.49072562]
1,46,1,[0.1751964  0.49884533]
1,47,1,[0.15875157 0.49751708]
1,48,1,[0.17742243 0.50374964]
1,49,1,[0.18143771 0.52450039]
1,50,1,[0.12900525 0.58683191]
1,51,1,[0.15480746 0.48638309]
1,52,1,[0.16148341 0.51865168]
1,53,1,[0.17917945 0.50412134]
1,54,1,[0.17521819 0.49513338]
1,55,1,[0.13962979 0.55761347]
1,56,1,[0.22801678 0.48662364]
1,57,1,[0.19122029 0.49229457]
1,58,1,[0.12150397 0.55907287]
1,59,1,[0.07042041 0.6226913 ]
1,60,1,[0.12176105 0.55990124]
1,61,1,[0.1805379  0.51263776]
1,62,1,[0.15091574 0.53780002]
1,63,1,[0.16132183 0.4997603 ]
1,64,1,[0.16147163 0.57523688]
1,65,1,[0.19647782 0.50392631]
1,66,1,[0.1536478  0.54581395]
1,67,1,[0.19137625 0.45444296]
1,68,1,[0.08159802 0.60542052]
1,69,1,[0.19779752 0.45844699]
1,70,1,[0.16610615 0.52833086]
1,71,1,[0.18298824 0.51776815]
1,72,1,[0.13810955 0.55892503]
1,73,1,[0.19994957 0.46184867]
1,74,1,[0.10440299 0.54639444]
1,75,1,[0.14598495 0.58333749]
1,76,1,[0.17368852 0.54789141]
1,77,1,[0.15632551 0.54549284]
1,78,1,[0.22209428 0.47618112]
1,79,1,[0.14786913 0.52360753]
1,80,1,[0.1230759  0.55715916]
1,81,1,[0.1657862  0.52052727]
1,82,1,[0.11056748 0.5797476 ]
1,83,1,[0.13368825 0.53734079]
1,84,1,[0.08625556 0.63138719]
1,85,1,[0.22096866 0.47524885]
1,86,1,[0.17783187 0.50368586]
1,87,1,[0.13047379 0.59535767]
1,88,1,[0.18898592 0.53079453]
1,89,1,[0.20830668 0.48855857]
1,90,1,[0.12619872 0.5707321 ]
1,91,1,[0.19194708 0.49196969]
1,92,1,[0.272084   0.39782146]
1,93,1,[0.2068569  0.47978779]
1,94,1,[0.12190965 0.55283572]
1,95,1,[0.1262593  0.57612941]
1,96,1,[0.1398106  0.55662857]
1,97,1,[0.19876795 0.46421326]
1,98,1,[0.17272544 0.48672569]
1,99,1,[0.12580497 0.55498076]
1,100,1,[0.19971991 0.50732115]
1,101,1,[0.156901   0.48726519]
1,102,1,[0.17365058 0.49585234]
1,103,1,[0.12028678 0.53871347]
1,104,1,[0.17162955 0.48575394]
1,105,1,[0.16713901 0.52361037]
1,106,1,[0.19582137 0.49707491]
1,107,1,[0.11643401 0.52519478]
1,108,1,[0.2744731  0.41106504]
1,109,1,[0.19192488 0.53854623]
1,110,1,[0.22409738 0.47055601]
1,111,1,[0.1964692  0.45622282]
1,112,1,[0.12980941 0.58196489]
1,113,1,[0.16695882 0.51878792]
1,114,1,[0.21289304 0.45519113]
1,115,1,[0.2002697 0.466897 ]
1,116,1,[0.12595597 0.5633204 ]
1,117,1,[0.15851049 0.49640916]
1,118,1,[0.15644516 0.54279428]
1,119,1,[0.23332873 0.48760627]
1,120,1,[0.1494884  0.51774545]
1,121,1,[0.20950828 0.49226824]
1,122,1,[0.16467175 0.51568641]
1,123,1,[0.14971904 0.52532107]
1,124,1,[0.19511788 0.45699303]
1,125,1,[0.20557419 0.4773269 ]
1,126,1,[0.14496787 0.50603908]
1,127,1,[0.20664692 0.48960539]
1,128,1,[0.12123758 0.55012883]
1,129,1,[0.2071627  0.52982369]
1,130,1,[0.15359027 0.49298749]
1,131,1,[0.2506855  0.44371039]
1,132,1,[0.17662198 0.5533204 ]
1,133,1,[0.06720623 0.59902115]
1,134,1,[0.17270738 0.54523258]
1,135,1,[0.22586051 0.47690147]
1,136,1,[0.14842535 0.52407895]
1,137,1,[0.15774317 0.56343391]
1,138,1,[0.21539738 0.45415096]
1,139,1,[0.17887708 0.5140076 ]
1,140,1,[0.2077691  0.48217489]
1,141,1,[0.16285357 0.57340887]
1,142,1,[0.15895095 0.56087043]
1,143,1,[0.14538309 0.51771837]
1,144,1,[0.18707917 0.48492303]
1,145,1,[0.1684648  0.48101259]
1,146,1,[0.16881059 0.48415284]
1,147,1,[0.16812246 0.53103988]
1,148,1,[0.16541817 0.52388602]
1,149,1,[0.17211075 0.49289201]
1,150,1,[0.11943065 0.54658156]
1,151,1,[0. 0.]
1,152,1,[0.1684086  0.53329743]
1,153,1,[0.19995316 0.45882914]
1,154,1,[0.13421677 0.54488182]
1,155,1,[0.15120166 0.5928568 ]
1,156,1,[0.09475137 0.5780867 ]
1,157,1,[0.16262843 0.57866771]
1,158,1,[0.13522748 0.54305631]
1,159,1,[0.13377267 0.53307996]
1,160,1,[0.16938859 0.48852826]
1,161,1,[0.20411817 0.47062616]
1,162,1,[0.23206311 0.44991148]
1,163,1,[0.22708745 0.48814074]
1,164,1,[0.18262385 0.51164185]
1,165,1,[0.15770992 0.49149594]
1,166,1,[0.20270666 0.51234418]
1,167,1,[0.23553767 0.45918353]
1,168,1,[0.16954269 0.48047299]
1,169,1,[0.11854213 0.55188228]
1,170,1,[0.15667837 0.5532278 ]
1,171,1,[0.15088816 0.47446555]
1,172,1,[0.10755599 0.56400349]
1,173,1,[0.1343664  0.53110543]
1,174,1,[0.26827144 0.4359457 ]
1,175,1,[0.24813004 0.48231263]
1,176,1,[0.15602197 0.55390315]
1,177,1,[0.22184396 0.46541627]
1,178,1,[0.18066464 0.51739972]
1,179,1,[0.15953959 0.55439416]
1,180,1,[0.23561673 0.45893634]
1,181,1,[0.18516736 0.47995251]
1,182,1,[0.11146595 0.5883288 ]
1,183,1,[0.19766917 0.45937577]
1,184,1,[0.17789871 0.50826664]
1,185,1,[0.14210372 0.56581718]
1,186,1,[0.17641135 0.50114961]
1,187,1,[0.20445021 0.47171847]
1,188,1,[0.14908489 0.52682286]
1,189,1,[0.15956353 0.50798001]
1,190,1,[0.21911849 0.45940576]
1,191,1,[0.0932232  0.56764671]
1,192,1,[0.15281511 0.54646165]
1,193,1,[0.15882979 0.55484621]
1,194,1,[0.20268567 0.51563561]
1,195,1,[0.19468973 0.4539567 ]
1,196,1,[0.23924668 0.45987077]
1,197,1,[0.12565085 0.56220678]
1,198,1,[0.1701815  0.52895144]
1,199,1,[0.06619431 0.61061258]
1,200,1,[0.18448372 0.52357644]
1,201,1,[0.22951735 0.48469125]
1,202,1,[0.16755334 0.54114415]
1,203,1,[0.09843074 0.60846792]
1,204,1,[0.13338709 0.53925839]
1,205,1,[0.20080233 0.46848335]
1,206,1,[0.15450651 0.48763303]
1,207,1,[0.15859772 0.5656296 ]
1,208,1,[0.15165089 0.53849302]
1,209,1,[0.16314706 0.51444232]
1,210,1,[0.12514099 0.56375913]
1,211,1,[0.1169846  0.54124096]
1,212,1,[0.10770164 0.57081199]
1,213,1,[0.14979576 0.5265332 ]
1,214,1,[0.12452013 0.564219  ]
1,215,1,[0.18745207 0.44030394]
1,216,1,[0.1506152  0.54134768]
1,217,1,[0.1608508  0.51151956]
1,218,1,[0.15066194 0.53146899]
1,219,1,[0.21146894 0.50183719]
1,220,1,[0.13606941 0.54453772]
1,221,1,[0.17754638 0.50905398]
1,222,1,[0.19056257 0.44485365]
1,223,1,[0.17501283 0.5042416 ]
1,224,1,[0.18824408 0.53375692]
1,225,1,[0.19049569 0.48510463]
1,226,1,[0.21326776 0.50137652]
1,227,1,[0.21949561 0.47020647]
1,228,1,[0.1968765  0.51660082]
1,229,1,[0.14099605 0.55794254]
1,230,1,[0.16814942 0.47719867]
1,231,1,[0.13564189 0.53594645]
1,232,1,[0.13840334 0.55509508]
1,233,1,[0.19090106 0.44751328]
1,234,1,[0.18238337 0.52229094]
1,235,1,[0.10525202 0.55664269]
1,236,1,[0.16299289 0.51709791]
1,237,1,[0.22956859 0.44194566]
1,238,1,[0.14957253 0.52611764]
1,239,1,[0.19170055 0.49206587]
1,240,1,[0.11390817 0.59553886]
1,241,1,[0.12222302 0.55089332]
1,242,1,[0.17887317 0.50525253]
1,243,1,[0.19424657 0.44412634]
1,244,1,[0.16107168 0.56640178]
1,245,1,[0.12448802 0.56628976]
1,246,1,[0.11145626 0.5913387 ]
1,247,1,[0.15664507 0.55113167]
1,248,1,[0.16979641 0.47892107]
1,249,1,[0.1252973  0.56979063]
1,250,1,[0. 0.]
1,251,1,[0.17135705 0.48415094]
1,252,1,[0.1225764  0.55008229]
1,253,1,[0.16877815 0.5300245 ]
1,254,1,[0.17064468 0.48510034]
1,255,1,[0.18548536 0.48070514]
1,256,1,[0.20657625 0.48256425]
1,257,1,[0.21995398 0.46616104]
1,258,1,[0.18197225 0.51509396]
1,259,1,[0.23289155 0.44504983]
1,260,1,[0.16924956 0.47956861]
1,261,1,[0.16436277 0.51758639]
1,262,1,[0.1940241  0.45150195]
1,263,1,[0.16446258 0.51890979]
1,264,1,[0.17429364 0.49897985]
1,265,1,[0.1925175  0.49794157]
1,266,1,[0.1151178 0.5223603]
1,267,1,[0.15472109 0.54153551]
1,268,1,[0.13570216 0.54607174]
1,269,1,[0.17123091 0.486482  ]
1,270,1,[0.2074189  0.43349386]
1,271,1,[0.17536956 0.50117882]
1,272,1,[0.15744545 0.55792666]
1,273,1,[0.16310087 0.51339202]
1,274,1,[0.20278434 0.471994  ]
1,275,1,[0.15530632 0.48703759]
1,276,1,[0.12963825 0.52330884]
1,277,1,[0.17161507 0.55005496]
1,278,1,[0.1417885  0.55871809]
1,279,1,[0.15833732 0.54744058]
1,280,1,[0.17763767 0.56127702]
1,281,1,[0.15604079 0.54090633]
1,282,1,[0.17187638 0.49548515]
1,283,1,[0.26192466 0.4219645 ]
1,284,1,[0.17402724 0.54307454]
1,285,1,[0.20389662 0.5268057 ]
1,286,1,[0.13600336 0.53470966]
1,287,1,[0.09734791 0.60021994]
1,288,1,[0.19801456 0.45978162]
1,289,1,[0.15713042 0.56120467]
1,290,1,[0.15690656 0.5491359 ]
1,291,1,[0.1424786  0.50384685]
1,292,1,[0.16624561 0.52314   ]
1,293,1,[0.09784829 0.58949714]
1,294,1,[0.17490687 0.49032225]
1,295,1,[0.18778466 0.4757935 ]
1,296,1,[0.17183053 0.54199533]
1,297,1,[0.16758349 0.532113  ]
1,298,1,[0.21084379 0.49572853]
1,299,1,[0.14915188 0.5333304 ]
1,300,1,[0.15516869 0.54605183]
1,301,1,[0.15388559 0.48666168]
1,302,1,[0.09470844 0.57952729]
1,303,1,[0.24708034 0.4798239 ]
1,304,1,[0.14108473 0.56023277]
1,305,1,[0.16236337 0.52179062]
1,306,1,[0. 0.]
1,307,1,[0.09500294 0.59223415]
1,308,1,[0.07934754 0.59028472]
1,309,1,[0.19987444 0.46294665]
1,310,1,[0.19089497 0.49131164]
1,311,1,[0.24493137 0.47285812]
1,312,1,[0.16618395 0.51625776]
1,313,1,[0.15398264 0.53865067]
1,314,1,[0.14798193 0.53092729]
1,315,1,[0.16726774 0.52454875]
1,316,1,[0.16869328 0.53517099]
1,317,1,[0.15684658 0.54791399]
1,318,1,[0.06693717 0.60706014]
1,319,1,[0.09494983 0.5868269 ]
1,320,1,[0.16474816 0.5160211 ]
1,321,1,[0.23582621 0.50402246]
1,322,1,[0.08212503 0.60495217]
1,323,1,[0.19051933 0.47920851]
1,324,1,[0.14169496 0.56530533]
1,325,1,[0.21489438 0.49421651]
1,326,1,[0.18908409 0.48148623]
1,327,1,[0.14344347 0.56972693]
1,328,1,[0.13181582 0.53077293]
1,329,1,[0.18317233 0.51754346]
1,330,1,[0.18658113 0.52774098]
1,331,1,[0.12937704 0.56698974]
1,332,1,[0.09890284 0.60698143]
1,333,1,[0.12940113 0.58543377]
1,334,1,[0.21586153 0.457831  ]
1,335,1,[0.27166592 0.40839806]
1,336,1,[0.15762586 0.56213646]
1,337,1,[0.15892723 0.55595739]
1,338,1,[0.11576508 0.59345047]
1,339,1,[0.16936376 0.53808578]
1,340,1,[0.26097429 0.42342784]
1,341,1,[0.17182284 0.48557705]
1,342,1,[0.10469484 0.55693455]
1,343,1,[0.21264822 0.45215562]
1,344,1,[0.21324542 0.4516601 ]
1,345,1,[0.17866659 0.52155572]
1,346,1,[0.1531117  0.53894352]
1,347,1,[0.15422854 0.54453744]
1,348,1,[0.25451182 0.45043156]
1,349,1,[0.13816146 0.5448395 ]
1,350,1,[0.11007692 0.57333222]
1,351,1,[0.20332084 0.47108681]
1,352,1,[0.13308595 0.52645517]
1,353,1,[0.25452546 0.4538694 ]
1,354,1,[0.14058465 0.56907421]
1,355,1,[0.16524248 0.51713158]
1,356,1,[0.21214341 0.4946042 ]
1,357,1,[0.21597159 0.45629171]
1,358,1,[0.13722737 0.54399713]
1,359,1,[0.18986369 0.49032803]
1,360,1,[0.1138291  0.60566427]
1,361,1,[0.09444603 0.58717947]
1,362,1,[0.14046799 0.56291306]
1,363,1,[0.1721529  0.48913076]
1,364,1,[0.09183583 0.55819654]
1,365,1,[0.17293872 0.54063021]
1,366,1,[0.16331323 0.50953272]
1,367,1,[0.12205752 0.5446681 ]
1,368,1,[0.22333604 0.4701493 ]
1,369,1,[0.17237687 0.49519379]
1,370,1,[0.16436907 0.47055075]
1,371,1,[0.17055188 0.4832031 ]
1,372,1,[0.20326424 0.47874826]
1,373,1,[0.14341056 0.5051945 ]
1,374,1,[0.19812637 0.46126197]
1,375,1,[0.17259841 0.54249946]
1,376,1,[0.0952329  0.57021452]
1,377,1,[0.22149603 0.46961898]
1,378,1,[0.21582406 0.49272519]
1,379,1,[0.2308975  0.48085851]
1,380,1,[0.14955697 0.53354279]
1,381,1,[0.24224475 0.46158275]
1,382,1,[0.17688289 0.50206318]
1,383,1,[0.20178398 0.46780004]
1,384,1,[0.18949074 0.48546428]
1,385,1,[0.17573687 0.5004027 ]
1,386,1,[0.18243667 0.51445637]
1,387,1,[0.25759116 0.4152546 ]
1,388,1,[0.22179571 0.46836455]
1,389,1,[0.11893966 0.53087882]
1,390,1,[0.16037493 0.56780447]
1,391,1,[0.18007573 0.50594694]
1,392,1,[0.18647967 0.47636099]
1,393,1,[0.17160416 0.4840545 ]
1,394,1,[0.15973921 0.50806233]
1,395,1,[0.24379077 0.47557539]
1,396,1,[0.18797835 0.48554624]
1,397,1,[0.16457945 0.51848838]
1,398,1,[0.14281021 0.57327581]
1,399,1,[0.131      0.52185878]
1,400,1,[0.14268834 0.57178321]
1,401,1,[0.16517697 0.52171142]
1,402,1,[0.19490901 0.50309461]
1,403,1,[0.19332567 0.49555085]
1,404,1,[0.20323569 0.52569581]
1,405,1,[0.1871959  0.52698714]
1,406,1,[0.17641922 0.49712554]
1,407,1,[0.20535416 0.48356079]
1,408,1,[0.08005457 0.58733767]
1,409,1,[0.12946738 0.51681574]
1,410,1,[0.09637701 0.59651151]
1,411,1,[0.13908584 0.48858121]
1,412,1,[0.1543534  0.54718316]
1,413,1,[0.16539717 0.51614017]
1,414,1,[0.16085982 0.51015853]
1,415,1,[0.10860873 0.56993242]
1,416,1,[0.24319368 0.42815891]
1,417,1,[0.19751927 0.50467708]
1,418,1,[0.21287794 0.49635217]
1,419,1,[0. 0.]
1,420,1,[0.15372492 0.54199623]
1,421,1,[0.15318493 0.54447201]
1,422,1,[0.13604183 0.54681052]
1,423,1,[0.18666581 0.48211952]
1,424,1,[0.19586654 0.51042351]
1,425,1,[0.10163492 0.61096838]
1,426,1,[0.14410764 0.50939472]
1,427,1,[0.12297067 0.55736508]
1,428,1,[0.19684046 0.50399877]
1,429,1,[0.15527336 0.54765743]
1,430,1,[0.2223108  0.47115456]
1,431,1,[0.16056728 0.51598839]
1,432,1,[0.11920907 0.5551377 ]
1,433,1,[0.15711618 0.55408004]
1,434,1,[0.18077462 0.51038495]
1,435,1,[0.12805324 0.5769067 ]
1,436,1,[0.10262368 0.54149163]
1,437,1,[0.15994893 0.50855323]
1,438,1,[0.19413452 0.49506346]
1,439,1,[0.21269545 0.49048319]
1,440,1,[0.11428899 0.60289698]
1,441,1,[0.12236419 0.55845923]
1,442,1,[0.21742333 0.50460207]
1,443,1,[0.13791499 0.53769375]
1,444,1,[0.17562    0.49448463]
1,445,1,[0.19261819 0.53393088]
1,446,1,[0.1797145  0.52195326]
1,447,1,[0.12532913 0.56029112]
1,448,1,[0.14220474 0.56705499]
1,449,1,[0.18806764 0.47253921]
1,450,1,[0.11061361 0.56958987]
1,451,1,[0.15812918 0.4927318 ]
1,452,1,[0.12589489 0.57356787]
1,453,1,[0.16302812 0.51252214]
1,454,1,[0.16680847 0.52808726]
1,455,1,[0.28978058 0.42942727]
1,456,1,[0.21694059 0.4582944 ]
1,457,1,[0.25938611 0.46080167]
1,458,1,[0.21611621 0.45338585]
1,459,1,[0.19320647 0.49456269]
1,460,1,[0.13540044 0.61167707]
1,461,1,[0.22516922 0.43904577]
1,462,1,[0.148805   0.48131697]
1,463,1,[0.20513419 0.5277234 ]
1,464,1,[0.17456321 0.49697893]
1,465,1,[0.13454014 0.54233481]
1,466,1,[0.20548455 0.43106678]
1,467,1,[0.14678626 0.52602423]
1,468,1,[0.14811785 0.52270725]
1,469,1,[0.11943231 0.6246033 ]
1,470,1,[0.07086103 0.63178822]
1,471,1,[0.10720886 0.55898058]
1,472,1,[0.145789   0.51576528]
1,473,1,[0.24826326 0.43954498]
1,474,1,[0.1774063  0.50697205]
1,475,1,[0.14925802 0.53296922]
1,476,1,[0.16476621 0.4641089 ]
1,477,1,[0.1051716  0.55807728]
1,478,1,[0.20687147 0.48390771]
1,479,1,[0.15222183 0.53686804]
1,480,1,[0.12903804 0.58321963]
1,481,1,[0.13790772 0.54666052]
1,482,1,[0.23099955 0.48936234]
1,483,1,[0.14648405 0.51785318]
1,484,1,[0.20753505 0.48421593]
1,485,1,[0.23499111 0.45415999]
1,486,1,[0.2269001  0.48132338]
1,487,1,[0.18482794 0.51440605]
1,488,1,[0. 0.]
1,489,1,[0.21994152 0.43175371]
1,490,1,[0.10824571 0.56333615]
1,491,1,[0.1538488  0.53862319]
1,492,1,[0.18058733 0.51030652]
1,493,1,[0.15627635 0.54431012]
1,494,1,[0.13624201 0.54616994]
1,495,1,[0.17559636 0.48875779]
1,496,1,[0.15127712 0.53763002]
1,497,1,[0.1464112  0.51624036]
1,498,1,[0.18688277 0.47933755]
1,499,1,[0.17233992 0.5410439 ]
1,500,1,[0.1575     0.49947046]
1,501,1,[0.13999445 0.56558001]
1,502,1,[0.19208737 0.49388578]
1,503,1,[0.16879041 0.52903352]
1,504,1,[0.16300324 0.50479242]
1,505,1,[0.27103974 0.4402716 ]
1,506,1,[0.24354263 0.43633547]
1,507,1,[0.14736886 0.52804006]
1,508,1,[0.15100358 0.53955189]
1,509,1,[0.1889246  0.53354695]
1,510,1,[0.20151847 0.46799524]
1,511,1,[0.20905993 0.53526525]
1,512,1,[0.18770698 0.48475404]
1,513,1,[0.14179894 0.57112941]
1,514,1,[0.17077694 0.48646585]
1,515,1,[0.16227621 0.57841666]
1,516,1,[0.24956568 0.43956236]
1,517,1,[0.19207524 0.49228727]
1,518,1,[0.18105112 0.51200599]
1,519,1,[0.23290707 0.45031046]
1,520,1,[0.18421566 0.47850651]
1,521,1,[0.22705266 0.44176725]
1,522,1,[0.10647188 0.54808252]
1,523,1,[0.14315974 0.50432102]
1,524,1,[0.11846744 0.61212787]
1,525,1,[0.16516051 0.4716656 ]
1,526,1,[0.2129292 0.4968084]
1,527,1,[0.19583855 0.46512297]
1,528,1,[0.20593859 0.44066884]
1,529,1,[0.16143189 0.50733688]
1,530,1,[0.1298128  0.58784169]
1,531,1,[0.21340217 0.49463293]
1,532,1,[0.1694058  0.52981595]
1,533,1,[0.25845552 0.42319111]
1,534,1,[0.26152038 0.41677599]
1,535,1,[0.17840555 0.51373316]
1,536,1,[0.1482241  0.52515057]
1,537,1,[0.19539687 0.49845253]
1,538,1,[0.18264958 0.46499779]
1,539,1,[0.10610514 0.55650099]
1,540,1,[0.09329361 0.56321929]
1,541,1,[0.25782386 0.41891902]
1,542,1,[0.13536289 0.53597458]
1,543,1,[0.14520028 0.51393568]
1,544,1,[0.22729818 0.44103577]
1,545,1,[0.13630248 0.54205617]
1,546,1,[0.219188   0.50897439]
1,547,1,[0.14430405 0.50263149]
1,548,1,[0.10846066 0.5606149 ]
1,549,1,[0.1725324 0.4913761]
1,550,1,[0.15621299 0.49551182]
1,551,1,[0.1504843  0.53260354]
1,552,1,[0.27505976 0.44003143]
1,553,1,[0.26098402 0.43012683]
1,554,1,[0.17301289 0.54826059]
1,555,1,[0.23510105 0.45585543]
1,556,1,[0.20610108 0.48588401]
1,557,1,[0.14505351 0.58279581]
1,558,1,[0.13636664 0.54087922]
1,559,1,[0.1396313  0.56121697]
1,560,1,[0.18059757 0.51270372]
1,561,1,[0.17885955 0.45758308]
1,562,1,[0.11761015 0.52786635]
1,563,1,[0.20444669 0.47875767]
1,564,1,[0.14565976 0.51531017]
1,565,1,[0.15669819 0.4917226 ]
1,566,1,[0.15055493 0.5323473 ]
1,567,1,[0.20451517 0.43014208]
1,568,1,[0.11966378 0.55388215]
1,569,1,[0.16950746 0.53981933]
1,570,1,[0.15542553 0.5470585 ]
1,571,1,[0.16574164 0.51658966]
1,572,1,[0.19833601 0.51376027]
1,573,1,[0.1657836  0.51561182]
1,574,1,[0.16481401 0.51848752]
1,575,1,[0.14639823 0.57858653]
1,576,1,[0.13965436 0.55278262]
1,577,1,[0.17136302 0.54681033]
1,578,1,[0.16057984 0.50830184]
1,579,1,[0.10829015 0.56298599]
1,580,1,[0.23600567 0.45586594]
1,581,1,[0.21961249 0.50825537]
1,582,1,[0.15615706 0.49528341]
1,583,1,[0.22040508 0.47114054]
1,584,1,[0.252903   0.40312815]
1,585,1,[0.13293591 0.53414243]
1,586,1,[0.22712139 0.47636786]
1,587,1,[0. 0.]
1,588,1,[0.17660224 0.49033984]
1,589,1,[0.20668342 0.47728539]
1,590,1,[0.20329564 0.52135609]
1,591,1,[0.16694265 0.52623229]
1,592,1,[0.15134326 0.52458825]
1,593,1,[0.13574759 0.54935666]
1,594,1,[0.12275752 0.558622  ]
1,595,1,[0.19245725 0.49206422]
1,596,1,[0.13950798 0.5569761 ]
1,597,1,[0.15422419 0.54750806]
1,598,1,[0.14873641 0.53036417]
1,599,1,[0.20829837 0.48365664]
1,600,1,[0.25418132 0.41682639]
1,601,1,[0.09394379 0.57595617]
1,602,1,[0.19076874 0.49377338]
1,603,1,[0.11995107 0.54372911]
1,604,1,[0.14118024 0.56514204]
1,605,1,[0.19572166 0.49712939]
1,606,1,[0.17846342 0.51025205]
1,607,1,[0.13573089 0.53408034]
1,608,1,[0.20226264 0.47667663]
1,609,1,[0.13686138 0.54374114]
1,610,1,[0.07093448 0.62203393]
1,611,1,[0.18098557 0.50999549]
1,612,1,[0.18320165 0.51167768]
1,613,1,[0.1727713  0.49252938]
1,614,1,[0.14542252 0.51435273]
1,615,1,[0.15501305 0.53650038]
1,616,1,[0.16447975 0.52095646]
1,617,1,[0.11916854 0.54462138]
1,618,1,[0.19057277 0.53941502]
1,619,1,[0.19271209 0.49110803]
1,620,1,[0.21649911 0.457188  ]
1,621,1,[0.09425763 0.58660851]
1,622,1,[0.23217736 0.44801128]
1,623,1,[0.13417437 0.52741172]
1,624,1,[0.14764346 0.52037093]
1,625,1,[0.18438822 0.52048631]
1,626,1,[0.16356052 0.51721598]
1,627,1,[0.14945104 0.53035447]
1,628,1,[0.22761434 0.48181719]
1,629,1,[0.17712355 0.50445446]
1,630,1,[0.10917996 0.56323974]
1,631,1,[0.20676136 0.47812206]
1,632,1,[0.22477602 0.47415199]
1,633,1,[0.09631163 0.57699744]
1,634,1,[0.1554268  0.54855504]
1,635,1,[0.24081095 0.46659028]
1,636,1,[0.10449718 0.54909701]
1,637,1,[0.24883188 0.44730157]
1,638,1,[0.26372647 0.46757988]
1,639,1,[0.21437682 0.4979179 ]
1,640,1,[0.09924677 0.61495248]
1,641,1,[0.19628528 0.50164574]
1,642,1,[0.19230146 0.49475185]
1,643,1,[0.17340153 0.50053385]
1,644,1,[0.18935088 0.48430698]
1,645,1,[0.07138615 0.6509146 ]
1,646,1,[0. 0.]
1,647,1,[0.19289674 0.44939052]
1,648,1,[0.21396502 0.44649879]
1,649,1,[0.2288905  0.53015679]
1,650,1,[0.13697843 0.54648879]
1,651,1,[0.21529462 0.45307833]
1,652,1,[0.19064867 0.49194205]
1,653,1,[0.18692706 0.48451599]
1,654,1,[0.1878365  0.52736086]
1,655,1,[0.16770399 0.52717895]
1,656,1,[0.16607087 0.53111172]
1,657,1,[0.21062472 0.4937824 ]
1,658,1,[0.20942939 0.49090423]
1,659,1,[0.18399858 0.46949555]
1,660,1,[0.23849231 0.46439104]
1,661,1,[0.2364715  0.45609351]
1,662,1,[0.13999553 0.55639593]
1,663,1,[0.10680862 0.56169558]
1,664,1,[0.11788002 0.60633403]
1,665,1,[0.14094337 0.54697887]
1,666,1,[0.16425818 0.50977886]
1,667,1,[0.15220659 0.4871686 ]
1,668,1,[0.19263713 0.50126311]
1,669,1,[0.17003473 0.47949228]
1,670,1,[0.14956543 0.52644099]
1,671,1,[0.13110374 0.58836181]
1,672,1,[0.174337   0.49212213]
1,673,1,[0.21981842 0.46239042]
1,674,1,[0.16760051 0.47540172]
1,675,1,[0. 0.]
1,676,1,[0.1473787  0.52856908]
1,677,1,[0.23963743 0.4600175 ]
1,678,1,[0.19929997 0.49981149]
1,679,1,[0.14842735 0.52370646]
1,680,1,[0.17954812 0.46703368]
1,681,1,[0.15796451 0.50484289]
1,682,1,[0.18107834 0.5153029 ]
1,683,1,[0.22848841 0.4412085 ]
1,684,1,[0.19232236 0.49876107]
1,685,1,[0.18325639 0.52021215]
1,686,1,[0.20416403 0.47230881]
1,687,1,[0.1035916  0.54351404]
1,688,1,[0.17708367 0.49902409]
1,689,1,[0.14955156 0.53342161]
1,690,1,[0.23598229 0.45120453]
1,691,1,[0.17674052 0.50110787]
1,692,1,[0.20681476 0.48657021]
1,693,1,[0.20227569 0.51381208]
1,694,1,[0.18712691 0.47946508]
1,695,1,[0.10360584 0.53868926]
1,696,1,[0.12032396 0.54889329]
1,697,1,[0.1394637 0.4998542]
1,698,1,[0.18396975 0.52283786]
1,699,1,[0.2026083  0.51284752]
1,700,1,[0.22158677 0.46894562]
1,701,1,[0.09508201 0.58113695]
1,702,1,[0.15090381 0.52959155]
1,703,1,[0.13380998 0.53346327]
1,704,1,[0.27953062 0.4219438 ]
1,705,1,[0.22490139 0.43385657]
1,706,1,[0.19153541 0.48717037]
1,707,1,[0.11753089 0.60979613]
1,708,1,[0.16339297 0.51839773]
1,709,1,[0.15523394 0.54916532]
1,710,1,[0.15064464 0.53227497]
1,711,1,[0.16566649 0.52893082]
1,712,1,[0.10719826 0.57058988]
1,713,1,[0.14784161 0.52885297]
1,714,1,[0.19328598 0.49211608]
1,715,1,[0.09431012 0.56862561]
1,716,1,[0.12680926 0.57558557]
1,717,1,[0.09810229 0.5984788 ]
1,718,1,[0.25353821 0.44986122]
1,719,1,[0.09620371 0.60056197]
1,720,1,[0.25392283 0.44266657]
1,721,1,[0.19532189 0.49826126]
1,722,1,[0.14317009 0.56763831]
1,723,1,[0.26281705 0.42171989]
1,724,1,[0.22086048 0.46558384]
1,725,1,[0.15541034 0.54429063]
1,726,1,[0.19755654 0.50998373]
1,727,1,[0.1515188  0.52887302]
1,728,1,[0.15512989 0.4911039 ]
1,729,1,[0.21047923 0.49215014]
1,730,1,[0.15071044 0.53267178]
1,731,1,[0.23747025 0.3829632 ]
1,732,1,[0.22497525 0.43437147]
1,733,1,[0.2485437  0.52873325]
1,734,1,[0.08993793 0.55200631]
1,735,1,[0.14558992 0.5155328 ]
1,736,1,[0.12115744 0.55309741]
1,737,1,[0.10156294 0.53466724]
1,738,1,[0.20761047 0.48935058]
1,739,1,[0.12408608 0.55821096]
1,740,1,[0.20281078 0.46411687]
1,741,1,[0.15252367 0.53357911]
1,742,1,[0.22400585 0.51332309]
1,743,1,[0.18282214 0.5209833 ]
1,744,1,[0.1255582  0.57064829]
1,745,1,[0.12544909 0.57023989]
1,746,1,[0.12769152 0.58096526]
1,747,1,[0.07221099 0.63606253]
1,748,1,[0.23973961 0.42394033]
1,749,1,[0.10779485 0.56737115]
1,750,1,[0.10499707 0.54614995]
1,751,1,[0.17119731 0.5421306 ]
1,752,1,[0.17056236 0.47568246]
1,753,1,[0.14764954 0.52785331]
1,754,1,[0.04416189 0.69463556]
1,755,1,[0.22813853 0.4850588 ]
1,756,1,[0.15208797 0.54294667]
1,757,1,[0.13007936 0.5163064 ]
1,758,1,[0.19726842 0.50769902]
1,759,1,[0.1379042 0.5547501]
1,760,1,[0.19017082 0.54380052]
1,761,1,[0.08505043 0.62627468]
1,762,1,[0.19302718 0.4954683 ]
1,763,1,[0.20449262 0.4782534 ]
1,764,1,[0.21493178 0.46253643]
1,765,1,[0.13855346 0.5523982 ]
1,766,1,[0.24821799 0.43671251]
1,767,1,[0.16492207 0.47973604]
1,768,1,[0.14641993 0.51819141]
1,769,1,[0.15572098 0.48856979]
1,770,1,[0.26328237 0.43271284]
1,771,1,[0.16478534 0.5212463 ]
1,772,1,[0.19543455 0.45427641]
1,773,1,[0.22001626 0.50767606]
1,774,1,[0.1285488  0.58518806]
1,775,1,[0.14301174 0.50260557]
1,776,1,[0.20373998 0.52393014]
1,777,1,[0.22921706 0.48280558]
1,778,1,[0.26916798 0.43006176]
1,779,1,[0.19496934 0.50918612]
1,780,1,[0.21518795 0.49765565]
1,781,1,[0.18964759 0.5370461 ]
1,782,1,[0.14201492 0.5116457 ]
1,783,1,[0.10358148 0.54777854]
1,784,1,[0.12490684 0.56773364]
1,785,1,[0.20549685 0.47826017]
1,786,1,[0.12587879 0.57250974]
1,787,1,[0.16494702 0.51316488]
1,788,1,[0.21329204 0.449876  ]
1,789,1,[0.14031176 0.55438828]
1,790,1,[0.09783281 0.58917851]
1,791,1,[0.18723677 0.47708619]
1,792,1,[0.21126339 0.44704403]
1,793,1,[0.11892408 0.53761113]
1,794,1,[0.12781935 0.51414365]
1,795,1,[0.20223306 0.51645061]
1,796,1,[0.18647488 0.47330475]
1,797,1,[0.24238626 0.50970637]
1,798,1,[0.25720087 0.45986385]
1,799,1,[0.19974294 0.46686703]
1,800,1,[0.16990162 0.53542269]
1,801,1,[0.24005798 0.4612694 ]
1,802,1,[0.21811402 0.46347354]
1,803,1,[0.13649863 0.53882352]
1,804,1,[0.1999933  0.46269757]
1,805,1,[0.17118336 0.54741164]
1,806,1,[0.22807587 0.45086265]
1,807,1,[0.21829895 0.50447604]
1,808,1,[0.1742378  0.54748305]
1,809,1,[0.1972353  0.45475538]
1,810,1,[0.15134686 0.5364991 ]
1,811,1,[0.13655487 0.54204541]
1,812,1,[0.16010288 0.55323977]
1,813,1,[0.18533688 0.52529267]
1,814,1,[0.17216786 0.54508967]
1,815,1,[0.18789438 0.48443733]
1,816,1,[0.16674014 0.53300102]
1,817,1,[0.16972358 0.52999365]
1,818,1,[0.19905848 0.46318474]
1,819,1,[0.20752197 0.48408595]
1,820,1,[0.28081936 0.45581432]
1,821,1,[0.16402753 0.5129032 ]
1,822,1,[0.15321621 0.54777902]
1,823,1,[0.25778932 0.4543617 ]
1,824,1,[0.15881859 0.51392213]
1,825,1,[0.15165419 0.53417643]
1,826,1,[0.1030343  0.63588366]
1,827,1,[0.19450178 0.49293639]
1,828,1,[0.2398133  0.46394848]
1,829,1,[0.14140702 0.5692532 ]
1,830,1,[0.17462451 0.49541452]
1,831,1,[0.23949759 0.46202618]
1,832,1,[0.08910059 0.64025792]
1,833,1,[0.20347705 0.48104486]
1,834,1,[0.18437402 0.51374442]
1,835,1,[0.21486912 0.46026512]
1,836,1,[0.13454638 0.54088958]
1,837,1,[0.15578624 0.55577502]
1,838,1,[0.27512151 0.40648931]
1,839,1,[0.16266646 0.51345711]
1,840,1,[0.16526493 0.52319169]
1,841,1,[0.16952205 0.48959893]
1,842,1,[0.1564529  0.49174022]
1,843,1,[0.09424093 0.56664159]
1,844,1,[0.15268173 0.54497739]
1,845,1,[0.20179618 0.50753173]
1,846,1,[0.25665135 0.49353357]
1,847,1,[0.23634514 0.46407968]
1,848,1,[0.18450333 0.46612088]
1,849,1,[0.17813691 0.56528065]
1,850,1,[0.13909477 0.5626054 ]
1,851,1,[0.17832849 0.45945778]
1,852,1,[0.12745022 0.58234029]
1,853,1,[0.20929924 0.48470043]
1,854,1,[0.26045345 0.45981666]
1,855,1,[0.14593942 0.57619208]
1,856,1,[0.21250531 0.44792142]
1,857,1,[0.15273943 0.55639497]
1,858,1,[0.14044391 0.55864073]
1,859,1,[0.1875237 0.4774596]
1,860,1,[0.163801   0.56381143]
1,861,1,[0.13678802 0.54838373]
1,862,1,[0.14239537 0.50082451]
1,863,1,[0.22438847 0.46885034]
1,864,1,[0.18110081 0.51272771]
1,865,1,[0.21744755 0.46292087]
1,866,1,[0.19504064 0.4909697 ]
1,867,1,[0.16995101 0.53445546]
1,868,1,[0.19131517 0.49528892]
1,869,1,[0.24059283 0.43641819]
1,870,1,[0.17344582 0.49146474]
1,871,1,[0.200708   0.46804208]
1,872,1,[0.17632252 0.45247379]
1,873,1,[0.17250838 0.48695271]
1,874,1,[0.17626864 0.49724074]
1,875,1,[0.11221532 0.5791946 ]
1,876,1,[0.14662031 0.51703441]
1,877,1,[0.11990891 0.54721442]
1,878,1,[0.13730594 0.54363663]
1,879,1,[0.1678212  0.51870427]
1,880,1,[0.19547755 0.5049308 ]
1,881,1,[0.16556828 0.51715806]
1,882,1,[0.2150677  0.49780313]
1,883,1,[0.15348138 0.54534165]
1,884,1,[0.16463474 0.51797424]
1,885,1,[0.1684563  0.47405453]
1,886,1,[0.17426404 0.49121208]
1,887,1,[0.06951454 0.62639945]
1,888,1,[0.13762245 0.48724331]
1,889,1,[0.20642134 0.48014336]
1,890,1,[0.12865475 0.51205173]
1,891,1,[0.12649704 0.56511003]
1,892,1,[0.2019179  0.51644669]
1,893,1,[0.21832116 0.46716082]
1,894,1,[0.20019508 0.51756652]
1,895,1,[0.21003531 0.44686922]
1,896,1,[0.12637743 0.50366238]
1,897,1,[0.21171878 0.44583034]
1,898,1,[0.25474661 0.41315843]
1,899,1,[0.2334401  0.45567898]
1,900,1,[0.151307   0.47952172]
1,901,1,[0.18888204 0.47598676]
1,902,1,[0.23693064 0.49797248]
1,903,1,[0.20303736 0.46947097]
1,904,1,[0.14414877 0.50589654]
1,905,1,[0.14579127 0.51093393]
1,906,1,[0.19898276 0.50540219]
1,907,1,[0.18295099 0.51414067]
1,908,1,[0.14338993 0.51328989]
1,909,1,[0.22273967 0.43625862]
1,910,1,[0.20012245 0.46264398]
1,911,1,[0.15049804 0.53041845]
1,912,1,[0.17140129 0.53655364]
1,913,1,[0.15126153 0.52981607]
1,914,1,[0.15640188 0.49529283]
1,915,1,[0.16925315 0.48090049]
1,916,1,[0.09546802 0.57484135]
1,917,1,[0.17749212 0.50899173]
1,918,1,[0.19422866 0.49575308]
1,919,1,[0.1829809  0.47051523]
1,920,1,[0.18735787 0.47824566]
1,921,1,[0.15540301 0.50031783]
1,922,1,[0.21768201 0.46232885]
1,923,1,[0.20721989 0.52829968]
1,924,1,[0.05397349 0.62308725]
1,925,1,[0.11009154 0.57477576]
1,926,1,[0.1555848  0.49428515]
1,927,1,[0.22706344 0.4911168 ]
1,928,1,[0.2587027  0.38738115]
1,929,1,[0.21100333 0.45387001]
1,930,1,[0.20606622 0.47618692]
1,931,1,[0.16129629 0.57887453]
1,932,1,[0.13422873 0.54305491]
1,933,1,[0.18577577 0.53660662]
1,934,1,[0.12628279 0.5603782 ]
1,935,1,[0.20854019 0.48827602]
1,936,1,[0.14611019 0.51930722]
1,937,1,[0.21194041 0.45264204]
1,938,1,[0.13955727 0.55661555]
1,939,1,[0.14778304 0.52115726]
1,940,1,[0.14220879 0.50560979]
1,941,1,[0.18378518 0.47153345]
1,942,1,[0.21052933 0.53327384]
1,943,1,[0.23078125 0.44905416]
1,944,1,[0.10015452 0.60730117]
1,945,1,[0.23931109 0.45589162]
1,946,1,[0.18421611 0.52285094]
1,947,1,[0.16266833 0.51945492]
1,948,1,[0.13398033 0.53279094]
1,949,1,[0.14151617 0.56495821]
1,950,1,[0.21942191 0.47082385]
1,951,1,[0.20760943 0.48205484]
1,952,1,[0.13558014 0.61196568]
1,953,1,[0. 0.]
1,954,1,[0.26181806 0.45587521]
1,955,1,[0.10831248 0.57653333]
1,956,1,[0.1654601 0.5181369]
1,957,1,[0.20574523 0.51795664]
1,958,1,[0.20593439 0.47359282]
1,959,1,[0.25396502 0.4076439 ]
1,960,1,[0.14965032 0.53541966]
1,961,1,[0.11323304 0.51247963]
1,962,1,[0.19319334 0.48283148]
1,963,1,[0.15842149 0.50375117]
1,964,1,[0.16769657 0.52979102]
1,965,1,[0.14765657 0.52132292]
1,966,1,[0.09238441 0.56746791]
1,967,1,[0.12047117 0.5543385 ]
1,968,1,[0.14568607 0.57587265]
1,969,1,[0.24951806 0.4869142 ]
1,970,1,[0.25588679 0.45389715]
1,971,1,[0.10079652 0.61719253]
1,972,1,[0.105129   0.55644952]
1,973,1,[0.13806363 0.54535418]
1,974,1,[0.23725255 0.45649339]
1,975,1,[0.23519171 0.4571933 ]
1,976,1,[0.26328905 0.4266427 ]
1,977,1,[0.13004823 0.58302165]
1,978,1,[0.1369369  0.53909638]
1,979,1,[0.17812794 0.50364198]
1,980,1,[0.14966062 0.59699046]
1,981,1,[0.15575007 0.55121994]
1,982,1,[0.12261716 0.55301179]
1,983,1,[0.2160512  0.45576418]
1,984,1,[0.17521192 0.49674787]
1,985,1,[0.15362103 0.5371394 ]
1,986,1,[0.2249681  0.47900321]
1,987,1,[0.19298953 0.49583479]
1,988,1,[0.15614105 0.54682967]
1,989,1,[0.17386088 0.49463835]
1,990,1,[0.1736152  0.54759432]
1,991,1,[0.15131047 0.54465704]
1,992,1,[0.14158864 0.49780371]
1,993,1,[0.21660325 0.46721059]
1,994,1,[0.20998422 0.48575467]
1,995,1,[0.2189079  0.42242253]
1,996,1,[0.17849345 0.55352765]
1,997,1,[0.14739612 0.53191342]
1,998,1,[0.14652918 0.52436468]
1,999,1,[0.24553943 0.47402654]
1,1000,1,[0.2019064  0.51978245]
1,1001,1,[0.17265598 0.48078832]
1,1002,1,[0.20052998 0.51276413]
1,1003,1,[0.18276057 0.51606614]
1,1004,1,[0.19480883 0.49807654]
1,1005,1,[0.12593133 0.56432326]
1,1006,1,[0.12435212 0.5626585 ]
1,1007,1,[0.16244601 0.50883025]
1,1008,1,[0.10829001 0.56677179]
1,1009,1,[0.1464154 0.5195445]
1,1010,1,[0.15642907 0.54978998]
1,1011,1,[0.18237729 0.51654797]
1,1012,1,[0.15279035 0.544571  ]
1,1013,1,[0.13385974 0.61237902]
1,1014,1,[0.18741017 0.48161151]
1,1015,1,[0.17568434 0.50564615]
1,1016,1,[0.1129706  0.58834322]
1,1017,1,[0. 0.]
1,1018,1,[0.09856988 0.60720891]
1,1019,1,[0.13491152 0.47733439]
1,1020,1,[0.20602463 0.52340875]
1,1021,1,[0.1220455  0.55630252]
1,1022,1,[0.17276394 0.49144884]
1,1023,1,[0.12526115 0.56935208]
1,1024,1,[0.11904593 0.54243952]
1,1025,1,[0.17098743 0.5407995 ]
1,1026,1,[0.1525101  0.53501108]
1,1027,1,[0.27921678 0.41525211]
1,1028,1,[0.10788208 0.57424005]
1,1029,1,[0.16204531 0.57178062]
1,1030,1,[0.10700025 0.56421849]
1,1031,1,[0.15259147 0.54749167]
1,1032,1,[0.2252572  0.47811482]
1,1033,1,[0.14965446 0.53143954]
1,1034,1,[0.18214253 0.52232784]
1,1035,1,[0.20829021 0.48767481]
1,1036,1,[0.17345929 0.49106345]
1,1037,1,[0.1294673  0.57734038]
1,1038,1,[0.07024695 0.64387652]
1,1039,1,[0.21298055 0.50043794]
1,1040,1,[0.09690096 0.59807572]
1,1041,1,[0.22279828 0.47059135]
1,1042,1,[0.08104627 0.59161064]
1,1043,1,[0.16707197 0.47359045]
1,1044,1,[0.13988252 0.55325703]
1,1045,1,[0.23700394 0.45834137]
1,1046,1,[0.16745067 0.53821786]
1,1047,1,[0.20236635 0.46701309]
1,1048,1,[0.12653988 0.56698205]
1,1049,1,[0.17834923 0.51250639]
1,1050,1,[0.19037694 0.53386379]
1,1051,1,[0.18231934 0.52044859]
1,1052,1,[0.1438313  0.51798062]
1,1053,1,[0.17884506 0.50848853]
1,1054,1,[0.17064486 0.52972366]
1,1055,1,[0.17752545 0.50251781]
1,1056,1,[0.17768033 0.50694403]
1,1057,1,[0.16730882 0.47758373]
1,1058,1,[0.20474558 0.47139929]
1,1059,1,[0.16865595 0.53286779]
1,1060,1,[0.22596459 0.47866563]
1,1061,1,[0.17365485 0.54879318]
1,1062,1,[0.16651078 0.52756596]
1,1063,1,[0.16836812 0.53488545]
1,1064,1,[0.17542628 0.55735745]
1,1065,1,[0.21554967 0.51120509]
1,1066,1,[0.14328068 0.50582367]
1,1067,1,[0.16889296 0.53838379]
1,1068,1,[0.15671529 0.49722749]
1,1069,1,[0.12096391 0.55235842]
1,1070,1,[0.1766966  0.50907658]
1,1071,1,[0.20976725 0.48378755]
1,1072,1,[0.08922749 0.54957819]
1,1073,1,[0.20300441 0.4813811 ]
1,1074,1,[0.18058842 0.51253289]
1,1075,1,[0.17311273 0.56015954]
1,1076,1,[0.16660929 0.47820766]
1,1077,1,[0.19446785 0.49958646]
1,1078,1,[0.19223626 0.44646088]
1,1079,1,[0.13419326 0.53414488]
1,1080,1,[0.25228771 0.45365505]
1,1081,1,[0.19566586 0.49846799]
1,1082,1,[0.20067328 0.46642669]
1,1083,1,[0.15600144 0.49595588]
1,1084,1,[0.13411415 0.60459363]
1,1085,1,[0.18761963 0.47726432]
1,1086,1,[0.1641503  0.51845632]
1,1087,1,[0.13991309 0.56074598]
1,1088,1,[0.22314318 0.5107833 ]
1,1089,1,[0.17544623 0.49855399]
1,1090,1,[0.20187019 0.47689994]
1,1091,1,[0.15284814 0.53955487]
1,1092,1,[0.150506   0.53333048]
1,1093,1,[0.14441862 0.5096497 ]
1,1094,1,[0.18046033 0.46709502]
1,1095,1,[0.15657951 0.4951882 ]
1,1096,1,[0.15031066 0.52507487]
1,1097,1,[0.12954805 0.52509881]
1,1098,1,[0.17906365 0.51652506]
1,1099,1,[0.16781971 0.47723047]
1,1100,1,[0.12728636 0.56961555]
1,1101,1,[0.15128905 0.53869588]
1,1102,1,[0.18760044 0.53263366]
1,1103,1,[0.17505264 0.49885998]
1,1104,1,[0.14537606 0.50708734]
1,1105,1,[0.17808321 0.51057267]
1,1106,1,[0.16271044 0.51864024]
1,1107,1,[0.17360505 0.54107223]
1,1108,1,[0.12315637 0.56094467]
1,1109,1,[0.1297601  0.57670462]
1,1110,1,[0.12701789 0.56895992]
1,1111,1,[0.16696067 0.58249216]
1,1112,1,[0.16583179 0.52395489]
1,1113,1,[0.1106278  0.57974797]
1,1114,1,[0.12152012 0.55234665]
1,1115,1,[0.16621272 0.52992819]
1,1116,1,[0.09868929 0.60164305]
1,1117,1,[0.27493562 0.43947747]
1,1118,1,[0.09888395 0.60171282]
1,1119,1,[0.1937199  0.49629498]
1,1120,1,[0.20627375 0.52433406]
1,1121,1,[0.12507184 0.57418692]
1,1122,1,[0.17851695 0.56132763]
1,1123,1,[0.2692302  0.40093652]
1,1124,1,[0.1811783 0.5136276]
1,1125,1,[0.17796886 0.45465323]
1,1126,1,[0.17030196 0.54333916]
1,1127,1,[0.13163594 0.52219057]
1,1128,1,[0.23572961 0.45710197]
1,1129,1,[0.20968952 0.4925812 ]
1,1130,1,[0.14902879 0.52985838]
1,1131,1,[0.13746814 0.55052958]
1,1132,1,[0.12565994 0.58080636]
1,1133,1,[0.15346755 0.53777036]
1,1134,1,[0.1613611  0.51249142]
1,1135,1,[0.06714094 0.60207777]
1,1136,1,[0.2170104  0.50762463]
1,1137,1,[0.12718226 0.57764552]
1,1138,1,[0.22515286 0.47812351]
1,1139,1,[0.13640166 0.5535974 ]
1,1140,1,[0.16289193 0.51782532]
1,1141,1,[0.13761176 0.54509465]
1,1142,1,[0.17573545 0.50119192]
1,1143,1,[0.18614717 0.52799336]
1,1144,1,[0.11730756 0.53252547]
1,1145,1,[0.17350128 0.49255091]
1,1146,1,[0.16820504 0.48038204]
1,1147,1,[0.17084783 0.53819133]
1,1148,1,[0.23080902 0.44885511]
1,1149,1,[0.13777576 0.5541538 ]
1,1150,1,[0.17522351 0.49809479]
1,1151,1,[0.06894578 0.60925552]
1,1152,1,[0.21622197 0.46155663]
1,1153,1,[0.1559463  0.55348915]
1,1154,1,[0.05433857 0.62130313]
1,1155,1,[0.20898205 0.47552417]
1,1156,1,[0.16588216 0.52092043]
1,1157,1,[0.16871824 0.53333684]
1,1158,1,[0.13485707 0.53661041]
1,1159,1,[0.2358617  0.46182138]
1,1160,1,[0.1701169  0.48773747]
1,1161,1,[0.17880616 0.50548205]
1,1162,1,[0.12600776 0.56103043]
1,1163,1,[0.26953212 0.40569924]
1,1164,1,[0.16809017 0.5307794 ]
1,1165,1,[0.21942181 0.46673486]
1,1166,1,[0.15771512 0.55479463]
1,1167,1,[0.17408674 0.48702357]
1,1168,1,[0.11327037 0.58903821]
1,1169,1,[0.17321083 0.4500542 ]
1,1170,1,[0.12423316 0.56534305]
1,1171,1,[0.12367194 0.57910769]
1,1172,1,[0.07695025 0.574404  ]
1,1173,1,[0.25582816 0.45087251]
1,1174,1,[0.19260636 0.49507166]
1,1175,1,[0.1849122  0.47026293]
1,1176,1,[0.10678732 0.55980773]
1,1177,1,[0.12557548 0.55916782]
1,1178,1,[0.12789835 0.5786392 ]
1,1179,1,[0.22885138 0.48892005]
1,1180,1,[0.14508799 0.5090758 ]
1,1181,1,[0.12127473 0.54804325]
1,1182,1,[0.24558252 0.43161368]
1,1183,1,[0.15156184 0.53429125]
1,1184,1,[0.2738632  0.40905329]
1,1185,1,[0.2267188  0.47605229]
1,1186,1,[0.18407102 0.51398844]
1,1187,1,[0.1800305  0.51311176]
1,1188,1,[0.19973768 0.46198026]
1,1189,1,[0.20887392 0.48525851]
1,1190,1,[0.17353815 0.49525261]
1,1191,1,[0.15906938 0.50824666]
1,1192,1,[0.1174244  0.54083624]
1,1193,1,[0.19157335 0.49291194]
1,1194,1,[0.16094938 0.51097775]
1,1195,1,[0.19406347 0.50223371]
1,1196,1,[0.17521401 0.50627581]
1,1197,1,[0.13754368 0.54775153]
1,1198,1,[0.20265724 0.47449   ]
1,1199,1,[0.220838   0.46546218]
1,1200,1,[0.17385519 0.49804266]
1,1201,1,[0.18169572 0.47376362]
1,1202,1,[0.15292788 0.5450323 ]
1,1203,1,[0.14755259 0.52448327]
1,1204,1,[0.16539136 0.5279495 ]
1,1205,1,[0.14804704 0.52428901]
1,1206,1,[0.16843731 0.5287499 ]
1,1207,1,[0.21335397 0.49262126]
1,1208,1,[0.19326418 0.45933812]
1,1209,1,[0.16948804 0.53601223]
1,1210,1,[0.13610402 0.53693513]
1,1211,1,[0.15487356 0.53949573]
1,1212,1,[0.1650222  0.52262881]
1,1213,1,[0.23545514 0.50111175]
1,1214,1,[0.15598957 0.55690265]
1,1215,1,[0.22931531 0.48710806]
1,1216,1,[0.13349056 0.52549174]
1,1217,1,[0.13312924 0.54495513]
1,1218,1,[0.08390418 0.60811833]
1,1219,1,[0.16765913 0.52591881]
1,1220,1,[0.12071886 0.55333317]
1,1221,1,[0.2339761  0.44640373]
1,1222,1,[0.10615468 0.55236844]
1,1223,1,[0.22260239 0.47222927]
1,1224,1,[0.04080811 0.65442453]
1,1225,1,[0.11495717 0.51636569]
1,1226,1,[0.21817624 0.45754477]
1,1227,1,[0.17297619 0.54438435]
1,1228,1,[0.18953151 0.49486351]
1,1229,1,[0.22725014 0.48103684]
1,1230,1,[0.17495939 0.49859545]
1,1231,1,[0.17215966 0.4932793 ]
1,1232,1,[0.2103013  0.48703592]
1,1233,1,[0.16640114 0.51835332]
1,1234,1,[0.14978012 0.52942389]
1,1235,1,[0.17386052 0.49290592]
1,1236,1,[0.16549047 0.51921037]
1,1237,1,[0.17559941 0.49726099]
1,1238,1,[0.12226471 0.54993438]
1,1239,1,[0.22761037 0.44598391]
1,1240,1,[0.09408932 0.57981512]
1,1241,1,[0.12381749 0.56493372]
1,1242,1,[0.15941872 0.50461549]
1,1243,1,[0.21449546 0.41606238]
1,1244,1,[0.14738119 0.52543166]
1,1245,1,[0.17865856 0.51083902]
1,1246,1,[0.24115039 0.46741953]
1,1247,1,[0.21559386 0.45635706]
1,1248,1,[0.20689007 0.53216297]
1,1249,1,[0.13092515 0.58921444]
