0.000000000000000000e+00,4.598542288489741447e-01
2.486303241156100907e-01,2.370613519653507473e-01
0.000000000000000000e+00,4.759775428409844800e-01
2.478738328337584118e-01,2.430639486040125363e-01
0.000000000000000000e+00,4.720051112813795080e-01
4.330105739934297926e-01,0.000000000000000000e+00
2.516758930992559762e-01,2.616444258825901814e-01
2.356494116540288619e-01,2.283674630729957133e-01
0.000000000000000000e+00,4.414931154330330454e-01
2.377033716897724858e-01,2.482078768774106659e-01
0.000000000000000000e+00,4.880109811747224136e-01
0.000000000000000000e+00,5.016792304955606241e-01
2.503709731418870543e-01,2.433079183633815312e-01
0.000000000000000000e+00,4.857279395328353289e-01
0.000000000000000000e+00,4.512645732396352583e-01
2.468927983474970556e-01,2.460565807215902012e-01
2.454951297711826796e-01,2.453731544335489845e-01
0.000000000000000000e+00,4.877165329283963402e-01
0.000000000000000000e+00,5.270566783379239117e-01
2.495669777234759967e-01,2.333131861601329682e-01
0.000000000000000000e+00,4.644161211480807294e-01
2.181823287593354921e-01,2.270265484111508303e-01
0.000000000000000000e+00,4.829248039819192262e-01
0.000000000000000000e+00,4.808962997942347051e-01
0.000000000000000000e+00,4.323174387326151336e-01
2.392691332377910041e-01,2.364414193476397641e-01
2.440950150677963226e-01,2.433630796893857806e-01
4.360277403106432303e-01,0.000000000000000000e+00
0.000000000000000000e+00,4.483426433031174052e-01
2.446123873589890751e-01,2.274036254701578552e-01
4.694177929920354542e-01,0.000000000000000000e+00
2.210500001661875047e-01,2.180410797062977690e-01
4.398709467956589125e-01,0.000000000000000000e+00
2.578163263527660787e-01,2.576883439201910209e-01
2.138286057728157885e-01,2.271654862254580687e-01
0.000000000000000000e+00,4.745180769184466629e-01
2.514375398042793530e-01,2.534003803060416726e-01
2.259547901349886201e-01,2.143347530028664460e-01
0.000000000000000000e+00,4.924556750001675698e-01
0.000000000000000000e+00,4.622244332952685775e-01
0.000000000000000000e+00,4.675731504179344578e-01
0.000000000000000000e+00,4.581442576720158311e-01
0.000000000000000000e+00,4.901393901768246741e-01
2.240081763328598818e-01,2.247017510231305026e-01
0.000000000000000000e+00,4.680128540737890641e-01
0.000000000000000000e+00,5.246072326484927384e-01
2.234640800796230675e-01,2.226565676780053460e-01
0.000000000000000000e+00,4.917136966193660363e-01
2.381779822557519022e-01,2.228303548296075853e-01
0.000000000000000000e+00,4.352043149311822789e-01
2.200181719885140608e-01,2.279939556681729318e-01
0.000000000000000000e+00,4.538113658395876993e-01
2.498586503848367613e-01,2.406998481580145954e-01
0.000000000000000000e+00,5.123946956578637746e-01
0.000000000000000000e+00,4.611597699310243659e-01
0.000000000000000000e+00,4.896027359747821550e-01
4.722231467108005121e-01,0.000000000000000000e+00
0.000000000000000000e+00,4.860913186114645401e-01
0.000000000000000000e+00,4.636792269377028597e-01
0.000000000000000000e+00,4.757287282624175773e-01
0.000000000000000000e+00,4.843069521733475713e-01
2.405360162225174681e-01,2.228182853894394577e-01
0.000000000000000000e+00,4.466863703773452654e-01
0.000000000000000000e+00,4.758306418552484263e-01
4.990817319713869438e-01,0.000000000000000000e+00
2.623630467596938520e-01,2.646260235736669908e-01
2.457922720174757214e-01,2.476227256058874115e-01
2.292440844023441449e-01,2.466307363346078863e-01
2.345096976539103040e-01,2.261224578189950651e-01
2.144380473572110313e-01,2.085073513846792403e-01
2.320517522970569901e-01,2.285066069291917801e-01
2.560586105098249243e-01,2.641422859527907119e-01
0.000000000000000000e+00,4.751331368578325387e-01
0.000000000000000000e+00,5.121880186550132885e-01
2.315004171963623569e-01,2.290037444281103340e-01
0.000000000000000000e+00,4.618856395969245798e-01
0.000000000000000000e+00,4.687798768819054218e-01
2.096458148063133353e-01,2.142468934390645841e-01
2.427542915444995120e-01,2.482521334969771121e-01
2.304052814965621698e-01,2.329002744564990790e-01
0.000000000000000000e+00,4.854542375584594005e-01
0.000000000000000000e+00,4.454779779991090427e-01
0.000000000000000000e+00,4.287612930388012278e-01
2.530433250976484860e-01,2.581937774834424659e-01
0.000000000000000000e+00,4.447496268062260394e-01
0.000000000000000000e+00,4.508417243155126708e-01
0.000000000000000000e+00,4.474980320756250518e-01
0.000000000000000000e+00,4.697305896678910520e-01
2.526522378516506406e-01,2.500957391122852758e-01
0.000000000000000000e+00,4.604692536112395262e-01
0.000000000000000000e+00,4.353597534732647767e-01
0.000000000000000000e+00,4.769663872381397773e-01
2.363478205062801429e-01,2.453358941580212615e-01
2.464924510457185969e-01,2.513532085226479196e-01
2.445012140764262487e-01,2.290209772567423918e-01
0.000000000000000000e+00,4.774989341940278909e-01
0.000000000000000000e+00,5.190432511127508475e-01
2.079483697309109369e-01,2.076891533716566929e-01
0.000000000000000000e+00,4.929844913132632733e-01
0.000000000000000000e+00,4.743675076435024951e-01
0.000000000000000000e+00,4.551676296238558739e-01
0.000000000000000000e+00,4.703911239253750209e-01
0.000000000000000000e+00,4.753878477980949535e-01
0.000000000000000000e+00,4.405221371336025538e-01
0.000000000000000000e+00,4.616708659970858997e-01
4.904605988145824824e-01,0.000000000000000000e+00
2.376878340472687312e-01,2.455872779852250054e-01
0.000000000000000000e+00,4.345331336004393252e-01
0.000000000000000000e+00,4.266514802063522960e-01
0.000000000000000000e+00,5.024257948995166645e-01
4.597154736104711592e-01,0.000000000000000000e+00
0.000000000000000000e+00,5.045674919300300321e-01
0.000000000000000000e+00,4.426086275019402438e-01
4.574852053472163171e-01,0.000000000000000000e+00
2.113425640790448368e-01,2.190849280563587909e-01
2.225127349879447713e-01,2.276805061090037274e-01
0.000000000000000000e+00,4.768734924468285841e-01
2.264919485051599679e-01,2.286190794767693213e-01
0.000000000000000000e+00,4.849881854651155733e-01
2.193757511689526929e-01,2.208411636601023409e-01
0.000000000000000000e+00,4.657987902830531546e-01
0.000000000000000000e+00,5.151007718534316160e-01
0.000000000000000000e+00,4.516480419962647930e-01
0.000000000000000000e+00,4.511140558347119245e-01
0.000000000000000000e+00,4.646559515830164244e-01
2.500118668472507966e-01,2.433667769789991109e-01
2.258371758703841825e-01,2.326181396850036109e-01
0.000000000000000000e+00,4.916605011081371934e-01
0.000000000000000000e+00,4.787214540411285357e-01
2.415274576060059131e-01,2.359351874758541801e-01
2.159916422221143939e-01,2.291047957704105964e-01
0.000000000000000000e+00,4.521298926267319218e-01
2.436473475626150798e-01,2.307416492450905521e-01
2.202059839074958503e-01,2.273489022251864444e-01
0.000000000000000000e+00,4.777546886901525847e-01
4.546601201441712314e-01,0.000000000000000000e+00
2.150057521259202409e-01,2.101341050798508636e-01
0.000000000000000000e+00,4.618610261070859035e-01
0.000000000000000000e+00,4.377823902543884205e-01
5.084570088738460392e-01,0.000000000000000000e+00
0.000000000000000000e+00,4.898899813679164494e-01
0.000000000000000000e+00,4.696549858086383478e-01
2.380732872853019155e-01,2.372925663123184870e-01
4.924567502190803081e-01,0.000000000000000000e+00
2.427868903174385251e-01,2.508648860175101136e-01
2.576835092321235199e-01,2.460925542983156689e-01
0.000000000000000000e+00,4.582697475316151459e-01
0.000000000000000000e+00,4.905421892658541894e-01
2.356095123462389473e-01,2.367244106904750345e-01
2.481633417959814847e-01,2.353762540109066437e-01
0.000000000000000000e+00,4.760167812156663181e-01
4.369025479446451143e-01,0.000000000000000000e+00
0.000000000000000000e+00,4.431734247595755516e-01
2.233453406538850328e-01,2.288742861682850072e-01
2.176586906685854528e-01,2.216572429849754389e-01
0.000000000000000000e+00,4.934863930973998891e-01
0.000000000000000000e+00,5.154272497116615392e-01
0.000000000000000000e+00,4.778049754174229502e-01
0.000000000000000000e+00,4.316945766865676881e-01
4.403372591778391687e-01,0.000000000000000000e+00
0.000000000000000000e+00,4.699519098558610497e-01
0.000000000000000000e+00,5.275436531345494284e-01
2.123984939743520650e-01,2.134795277161078142e-01
0.000000000000000000e+00,5.079803413778393173e-01
0.000000000000000000e+00,4.524427228815113833e-01
2.484992454740706513e-01,2.474114248817526340e-01
2.277075728481480765e-01,2.295213837922008282e-01
2.408619292745487472e-01,2.335325392135393363e-01
2.402465194993420317e-01,2.411784532911729062e-01
0.000000000000000000e+00,4.894248657558828985e-01
2.319574713740492344e-01,2.252911333746920042e-01
0.000000000000000000e+00,4.495617139814443997e-01
0.000000000000000000e+00,4.400821261028574627e-01
4.983762654405377024e-01,0.000000000000000000e+00
0.000000000000000000e+00,4.782696263973397199e-01
0.000000000000000000e+00,4.573218608043164157e-01
0.000000000000000000e+00,4.542412057614350629e-01
2.246269883951851343e-01,2.367085104165972120e-01
2.368465123374817183e-01,2.491207051771287539e-01
0.000000000000000000e+00,4.499809447632494575e-01
0.000000000000000000e+00,5.010637234630478387e-01
0.000000000000000000e+00,4.753522757582930858e-01
0.000000000000000000e+00,4.584493490677506444e-01
0.000000000000000000e+00,4.336422731509684825e-01
0.000000000000000000e+00,4.714532465719410981e-01
4.403847404716172420e-01,0.000000000000000000e+00
0.000000000000000000e+00,5.037040127194555295e-01
4.775577112695655324e-01,0.000000000000000000e+00
2.644769643381776336e-01,2.633341513470762174e-01
0.000000000000000000e+00,4.552621840529725850e-01
0.000000000000000000e+00,4.798198485067833308e-01
0.000000000000000000e+00,4.685385451355713049e-01
0.000000000000000000e+00,4.905018587670407215e-01
0.000000000000000000e+00,4.917656539620792189e-01
2.251738847130230203e-01,2.132213246644870386e-01
0.000000000000000000e+00,4.916883260118966592e-01
0.000000000000000000e+00,4.617790844548155249e-01
0.000000000000000000e+00,4.188733819067388398e-01
0.000000000000000000e+00,5.291812628463397061e-01
0.000000000000000000e+00,4.454736665971048004e-01
2.169808792797029429e-01,2.153239821979312518e-01
2.235120672540691911e-01,2.397496201427218032e-01
2.397560097378588218e-01,2.433699962163071440e-01
0.000000000000000000e+00,4.799702619902689871e-01
0.000000000000000000e+00,4.364498616516384044e-01
0.000000000000000000e+00,4.325478957875823482e-01
0.000000000000000000e+00,4.758575985626243288e-01
0.000000000000000000e+00,4.491867185739649160e-01
0.000000000000000000e+00,4.288712148981949634e-01
0.000000000000000000e+00,4.628819588072354829e-01
0.000000000000000000e+00,4.782405731599219667e-01
0.000000000000000000e+00,4.542759401723060475e-01
2.223524963705525437e-01,2.280510239615694545e-01
0.000000000000000000e+00,4.554531814668633105e-01
0.000000000000000000e+00,4.775866906863758254e-01
0.000000000000000000e+00,5.096363777857095823e-01
2.482507024396388151e-01,2.416163660150552894e-01
0.000000000000000000e+00,4.742988314497190716e-01
0.000000000000000000e+00,4.489930152754191273e-01
0.000000000000000000e+00,4.556161342898770172e-01
0.000000000000000000e+00,4.736087478358991243e-01
0.000000000000000000e+00,4.557992148319252035e-01
0.000000000000000000e+00,4.406060381535143455e-01
0.000000000000000000e+00,4.825600562120550552e-01
2.284096205622171416e-01,2.212199026868435503e-01
0.000000000000000000e+00,5.022560063629641913e-01
0.000000000000000000e+00,4.954670223306770205e-01
2.242135687616774453e-01,2.328924349820158113e-01
0.000000000000000000e+00,4.974949484699350832e-01
0.000000000000000000e+00,4.721642696373735681e-01
2.325660273524714217e-01,2.290783390783154294e-01
2.378833847661370182e-01,2.257690689019108410e-01
0.000000000000000000e+00,4.333787699672761451e-01
0.000000000000000000e+00,4.980449749778033675e-01
2.227362866036876610e-01,2.359878790952186223e-01
0.000000000000000000e+00,5.417854683452802966e-01
2.269306021545120233e-01,2.206997011921456586e-01
0.000000000000000000e+00,5.047097898495722657e-01
2.436205445441353423e-01,2.282028667717546921e-01
4.918981474792820108e-01,0.000000000000000000e+00
0.000000000000000000e+00,4.856001785129557824e-01
0.000000000000000000e+00,4.571544164024144985e-01
2.594189231788208150e-01,2.697760357332998349e-01
0.000000000000000000e+00,4.859351480138508483e-01
0.000000000000000000e+00,4.677817702992957405e-01
2.358513644389868824e-01,2.358236131587317652e-01
0.000000000000000000e+00,5.151391784004563101e-01
0.000000000000000000e+00,4.782240818973866325e-01
2.245611900288293494e-01,2.314580829401720885e-01
2.482492200820674566e-01,2.419036400715666169e-01
2.228561948883320543e-01,2.216153069435540524e-01
0.000000000000000000e+00,4.921812019728516452e-01
4.710403005566425327e-01,0.000000000000000000e+00
2.263931988301483567e-01,2.277961616623469521e-01
4.899884144802506003e-01,0.000000000000000000e+00
0.000000000000000000e+00,4.945027426422037853e-01
2.412940257140781253e-01,2.534063281620200780e-01
0.000000000000000000e+00,6.479626901131021466e-01
2.175570894320239812e-01,2.300087808380388010e-01
0.000000000000000000e+00,5.108691459454512973e-01
2.247390974822808252e-01,2.311535745051627455e-01
0.000000000000000000e+00,4.941892761495315645e-01
0.000000000000000000e+00,7.837798515113425513e-01
0.000000000000000000e+00,6.482776857902428080e-01
0.000000000000000000e+00,5.914410683234717636e-01
0.000000000000000000e+00,4.875710326542045392e-01
2.326131738723062614e-01,2.476980373785704903e-01
0.000000000000000000e+00,4.762569813960523257e-01
0.000000000000000000e+00,4.858544269510123303e-01
0.000000000000000000e+00,4.688244750056037580e-01
5.091773175693250497e-01,0.000000000000000000e+00
4.507097306903167233e-01,0.000000000000000000e+00
2.183956635046920280e-01,2.179595614677681814e-01
0.000000000000000000e+00,4.609610778320861746e-01
2.309915564979033442e-01,2.382201291602500659e-01
2.482800953909955755e-01,2.536494979029803587e-01
4.873376371366741622e-01,0.000000000000000000e+00
0.000000000000000000e+00,4.772545368068675242e-01
2.484075386851159195e-01,2.369144787230655913e-01
0.000000000000000000e+00,4.949937528143352750e-01
6.170664314377483084e-01,0.000000000000000000e+00
0.000000000000000000e+00,6.426287324444811544e-01
0.000000000000000000e+00,6.248048636749871099e-01
2.258126896822200413e-01,2.320334097737922485e-01
2.480386694088504707e-01,2.484687004907273067e-01
2.174797447818019036e-01,2.240315612900198872e-01
0.000000000000000000e+00,6.347592370332935108e-01
2.172429174315616274e-01,2.163333464359976088e-01
2.287439424505975094e-01,2.283928413609055408e-01
2.537026263740658205e-01,2.527902613030406642e-01
4.428854292734195064e-01,0.000000000000000000e+00
0.000000000000000000e+00,4.241016203937101881e-01
0.000000000000000000e+00,4.897084238288871849e-01
0.000000000000000000e+00,7.787074235953943546e-01
0.000000000000000000e+00,5.107453978701950170e-01
6.424883194285895271e-01,0.000000000000000000e+00
4.921607072987927989e-01,0.000000000000000000e+00
2.216177029587691472e-01,2.372618310281955079e-01
2.483031946528806988e-01,2.502328743686581536e-01
2.216964808927340269e-01,2.358557352956066888e-01
0.000000000000000000e+00,6.215814858074347748e-01
0.000000000000000000e+00,6.032806995920958482e-01
0.000000000000000000e+00,7.711232237188220262e-01
0.000000000000000000e+00,4.664946818618987412e-01
4.389684006420744855e-01,0.000000000000000000e+00
2.458522419094533729e-01,2.431449762578613838e-01
2.433145377583318669e-01,2.382265873556307645e-01
2.384762970461750675e-01,2.461590275554916274e-01
0.000000000000000000e+00,6.591366471834712026e-01
0.000000000000000000e+00,4.478685547066222905e-01
0.000000000000000000e+00,5.769390676405559137e-01
2.372833167527046427e-01,2.528033397931564452e-01
2.335430384863398934e-01,2.334049156838669814e-01
0.000000000000000000e+00,4.510487598273053567e-01
2.211039469492618037e-01,2.234576582510286458e-01
2.468333329591279879e-01,2.316850110935912976e-01
0.000000000000000000e+00,6.790062302788337778e-01
2.174270231025749178e-01,2.239031359638789243e-01
0.000000000000000000e+00,4.715495051693134876e-01
0.000000000000000000e+00,4.714925221417963774e-01
2.401882430648093203e-01,2.587301588489033799e-01
0.000000000000000000e+00,6.754001030016933971e-01
2.418953673156008233e-01,2.284453535331827934e-01
2.376166235154945905e-01,2.509409261568035232e-01
0.000000000000000000e+00,6.575760260624812226e-01
0.000000000000000000e+00,4.494840425843339426e-01
0.000000000000000000e+00,4.633838605664056254e-01
0.000000000000000000e+00,4.557427264917474630e-01
0.000000000000000000e+00,5.974856536464718815e-01
0.000000000000000000e+00,4.626514959960255080e-01
2.254461732492022141e-01,2.332939568660534480e-01
0.000000000000000000e+00,4.321047488945871651e-01
0.000000000000000000e+00,4.585840030109275545e-01
2.349664445187789608e-01,2.242681199409411463e-01
0.000000000000000000e+00,6.851846037725285443e-01
0.000000000000000000e+00,6.463262722556869511e-01
0.000000000000000000e+00,6.917337396509481984e-01
0.000000000000000000e+00,6.048923228213166636e-01
0.000000000000000000e+00,4.150963543498263353e-01
2.392406551662608349e-01,2.576470031843350328e-01
0.000000000000000000e+00,4.401625976504921489e-01
0.000000000000000000e+00,6.630649466206169906e-01
0.000000000000000000e+00,7.054377585727823474e-01
2.317287017977882890e-01,2.215017984341535184e-01
4.856572089931793235e-01,0.000000000000000000e+00
0.000000000000000000e+00,4.440010560643519733e-01
2.420235885929257758e-01,2.444221985196734781e-01
0.000000000000000000e+00,6.407774240161557833e-01
2.085088944319270499e-01,2.084517585169397835e-01
2.279943260648139569e-01,2.448313821068406060e-01
0.000000000000000000e+00,4.524278351661806807e-01
0.000000000000000000e+00,4.827913998328055012e-01
2.401383563747865046e-01,2.373277796121452676e-01
2.331247696873449127e-01,2.306156944331111958e-01
0.000000000000000000e+00,5.649714730873797164e-01
0.000000000000000000e+00,4.889523580149966464e-01
0.000000000000000000e+00,4.591913784197496073e-01
0.000000000000000000e+00,5.668039277608583060e-01
0.000000000000000000e+00,6.032849843924236177e-01
2.205805688875052684e-01,2.295961680006924077e-01
2.433675983827031652e-01,2.346064186955796327e-01
0.000000000000000000e+00,4.786829642032160437e-01
0.000000000000000000e+00,4.235157937846759646e-01
2.268916058709708750e-01,2.269433044105848840e-01
0.000000000000000000e+00,6.653104342438356245e-01
0.000000000000000000e+00,7.371673087696716253e-01
0.000000000000000000e+00,4.601306309284463603e-01
2.324496926765459159e-01,2.281086201156823645e-01
2.527417082328182185e-01,2.668602245125756833e-01
0.000000000000000000e+00,6.873708453931253182e-01
0.000000000000000000e+00,4.448496098226515372e-01
0.000000000000000000e+00,6.427080953681618691e-01
2.321492952957983635e-01,2.467275128561054187e-01
0.000000000000000000e+00,6.381827992085007395e-01
0.000000000000000000e+00,6.124820686288202642e-01
0.000000000000000000e+00,4.579815278505289800e-01
0.000000000000000000e+00,4.775952729691824161e-01
0.000000000000000000e+00,6.209346405592881535e-01
0.000000000000000000e+00,6.704519914460954633e-01
0.000000000000000000e+00,4.509251585622892078e-01
2.368194513510033239e-01,2.365086833283275569e-01
0.000000000000000000e+00,7.056080260572276108e-01
0.000000000000000000e+00,7.160224701096368216e-01
0.000000000000000000e+00,6.146526009337023311e-01
2.544079728966232579e-01,2.422746777670282681e-01
6.144739452653810163e-01,0.000000000000000000e+00
2.540827427530705784e-01,2.491938905819525985e-01
2.357934959440152467e-01,2.240062315833346307e-01
2.364113036232275422e-01,2.216029090472978469e-01
2.208818219810906869e-01,2.283167210314643314e-01
0.000000000000000000e+00,7.292611604055198038e-01
2.389244737064976642e-01,2.446387560421846297e-01
2.348006938391315745e-01,2.302803949136256467e-01
2.303865322636307889e-01,2.280457605355058204e-01
2.463545595445665315e-01,2.303753062591902823e-01
2.233320313448529104e-01,2.285634045503227574e-01
0.000000000000000000e+00,7.061029841747381575e-01
0.000000000000000000e+00,5.900527332981242434e-01
0.000000000000000000e+00,6.380479151224304202e-01
2.148163841634463667e-01,2.278055728098969113e-01
2.211712343979067297e-01,2.204743326855060359e-01
0.000000000000000000e+00,4.504195719396585362e-01
2.162851971429831932e-01,2.191849160534565244e-01
2.280271365820848162e-01,2.251407042175536111e-01
0.000000000000000000e+00,7.059214076766712198e-01
6.249175051082953569e-01,0.000000000000000000e+00
0.000000000000000000e+00,6.408346149442094575e-01
0.000000000000000000e+00,5.802182245675324701e-01
0.000000000000000000e+00,6.650025123298850538e-01
0.000000000000000000e+00,6.189630653314437403e-01
0.000000000000000000e+00,4.519258861541233796e-01
0.000000000000000000e+00,4.610081285000436901e-01
0.000000000000000000e+00,5.895914428262190032e-01
0.000000000000000000e+00,7.590340661695373914e-01
2.558111010434930832e-01,2.528128945452067233e-01
2.455331072528583736e-01,2.419866847802847332e-01
2.214734543653474608e-01,2.160676621332883185e-01
0.000000000000000000e+00,4.646000530204361656e-01
2.208950551968446863e-01,2.085712444604160831e-01
0.000000000000000000e+00,7.271659341058628323e-01
2.304856094842125669e-01,2.383796501371291676e-01
2.392699023638754918e-01,2.258328697561300391e-01
0.000000000000000000e+00,6.268739617102557782e-01
0.000000000000000000e+00,4.296452900446511847e-01
6.928953688546376499e-01,0.000000000000000000e+00
2.419211173932848680e-01,2.496048773624401362e-01
0.000000000000000000e+00,6.875283337934393613e-01
0.000000000000000000e+00,6.461520224476750007e-01
0.000000000000000000e+00,6.445755246815429995e-01
0.000000000000000000e+00,6.152862766547642082e-01
6.440139897143197789e-01,0.000000000000000000e+00
2.282936364525659234e-01,2.495752562626925297e-01
2.681492304066817045e-01,2.635260395250687560e-01
0.000000000000000000e+00,6.263772351296137408e-01
2.524483402121237563e-01,2.610081973109988351e-01
2.396477955090054179e-01,2.210149889586725258e-01
2.614195721708071907e-01,2.546418874134992461e-01
0.000000000000000000e+00,6.045355044606260941e-01
4.894628728743267154e-01,0.000000000000000000e+00
2.270202117072630810e-01,2.231939688825729795e-01
0.000000000000000000e+00,6.183250785015712570e-01
0.000000000000000000e+00,4.601793488244088071e-01
4.797288987439616292e-01,0.000000000000000000e+00
0.000000000000000000e+00,5.605434884265799722e-01
0.000000000000000000e+00,7.200743334047997601e-01
2.397491649495940846e-01,2.495468428551797513e-01
2.338294273112118127e-01,2.214362472634009704e-01
2.337297285871247632e-01,2.376238033077365530e-01
2.182868774721041516e-01,2.192726072502410029e-01
0.000000000000000000e+00,4.778915638131476795e-01
2.563830499705929133e-01,2.550909876518456798e-01
2.417107682458174145e-01,2.227811082414039023e-01
2.518660242792001847e-01,2.549253309718331750e-01
0.000000000000000000e+00,5.954213947110488236e-01
2.265615981951860924e-01,2.344444563740252230e-01
0.000000000000000000e+00,4.415489078774582077e-01
0.000000000000000000e+00,4.279039384496409748e-01
2.289536209150106194e-01,2.349797149479677660e-01
2.343717196940701963e-01,2.321884315928224030e-01
4.844518095207738240e-01,0.000000000000000000e+00
2.451620182895427602e-01,2.255054848434274728e-01
0.000000000000000000e+00,7.215843933487994244e-01
0.000000000000000000e+00,6.695864367504384962e-01
0.000000000000000000e+00,6.527111957120620422e-01
0.000000000000000000e+00,6.162546014080059198e-01
0.000000000000000000e+00,6.485371425159246472e-01
0.000000000000000000e+00,4.390342260904675498e-01
0.000000000000000000e+00,4.654351765144421060e-01
0.000000000000000000e+00,6.422608076070933647e-01
2.545233602351855695e-01,2.502412197169633368e-01
0.000000000000000000e+00,4.494977990182194572e-01
0.000000000000000000e+00,6.690227522452777409e-01
2.292041555949434761e-01,2.393824252810337061e-01
0.000000000000000000e+00,4.601032042873484107e-01
2.429290213187920711e-01,2.260395090227256820e-01
2.240087046992914888e-01,2.398986125333936736e-01
0.000000000000000000e+00,4.479898073126661884e-01
2.583705153803039778e-01,2.420531245525373576e-01
2.118527078633853922e-01,2.100854706257814231e-01
0.000000000000000000e+00,6.287246185184586222e-01
0.000000000000000000e+00,6.800121768747241502e-01
0.000000000000000000e+00,5.959774396610016955e-01
0.000000000000000000e+00,6.763454223857556791e-01
0.000000000000000000e+00,6.322789171688663057e-01
6.528116997387949372e-01,0.000000000000000000e+00
7.084216124658632152e-01,0.000000000000000000e+00
0.000000000000000000e+00,6.350694631894219233e-01
0.000000000000000000e+00,5.879472035187486290e-01
0.000000000000000000e+00,6.330505364842948790e-01
5.810162626249780748e-01,0.000000000000000000e+00
0.000000000000000000e+00,7.272277252155616711e-01
2.306203396250392501e-01,2.425089440259179108e-01
0.000000000000000000e+00,6.541999524032534596e-01
2.343609448431848985e-01,2.317279521031449796e-01
2.371887982835387265e-01,2.408265851749866460e-01
0.000000000000000000e+00,5.793422531464351710e-01
0.000000000000000000e+00,5.955982274355265949e-01
2.184977876071904357e-01,2.130828134040326505e-01
0.000000000000000000e+00,7.003733402963574495e-01
0.000000000000000000e+00,6.775075711784344090e-01
0.000000000000000000e+00,6.362139333115642836e-01
0.000000000000000000e+00,7.325599297824136880e-01
0.000000000000000000e+00,7.371304283569869442e-01
0.000000000000000000e+00,6.140216273836879290e-01
2.399015527228164080e-01,2.489262456269114299e-01
0.000000000000000000e+00,7.682157104137303794e-01
2.239398888168630808e-01,2.309764440225340609e-01
2.501754608296251625e-01,2.290355611484784781e-01
0.000000000000000000e+00,6.125990537607062247e-01
0.000000000000000000e+00,6.203174841017009555e-01
0.000000000000000000e+00,7.197814676624706420e-01
2.267397002072627232e-01,2.382995454108932099e-01
2.455994695233812419e-01,2.328386042182250260e-01
0.000000000000000000e+00,6.268044170391255943e-01
0.000000000000000000e+00,6.907647581438227657e-01
0.000000000000000000e+00,6.125046973860548416e-01
2.218278913158809040e-01,2.258719685493723039e-01
0.000000000000000000e+00,6.847759556205735842e-01
2.472682752662941630e-01,2.406935494414981780e-01
2.672533961318385165e-01,2.550188785886263187e-01
2.390805016311043640e-01,2.237342085449609552e-01
2.443257068090633199e-01,2.349256150674303711e-01
2.212130749172417366e-01,2.261590110175241419e-01
2.392162159492892959e-01,2.193317802347310164e-01
0.000000000000000000e+00,6.135824113713537198e-01
0.000000000000000000e+00,5.999803029582155833e-01
0.000000000000000000e+00,6.741717736272961892e-01
2.387834047268026227e-01,2.512559207356014901e-01
6.063228182576113623e-01,0.000000000000000000e+00
0.000000000000000000e+00,6.244510681530965890e-01
2.353475114217173370e-01,2.364269143109320181e-01
0.000000000000000000e+00,6.153620822548577785e-01
0.000000000000000000e+00,7.329576007735362220e-01
0.000000000000000000e+00,6.367727846451812779e-01
0.000000000000000000e+00,6.117649830882395667e-01
0.000000000000000000e+00,4.926838596346881927e-01
0.000000000000000000e+00,6.242696568654937384e-01
2.277384267530495887e-01,2.312870273596808190e-01
0.000000000000000000e+00,6.526490025393326677e-01
0.000000000000000000e+00,6.269236503759979540e-01
2.527088885110186922e-01,2.290102566349397073e-01
2.352789682342952826e-01,2.437500816782668944e-01
0.000000000000000000e+00,6.347408827753070470e-01
0.000000000000000000e+00,5.905021428380400339e-01
0.000000000000000000e+00,5.853302041466258432e-01
0.000000000000000000e+00,6.311677612576639396e-01
2.446552477744161347e-01,2.287889261174764766e-01
0.000000000000000000e+00,5.675447282852725817e-01
0.000000000000000000e+00,6.939046045140037089e-01
2.473800760156213974e-01,2.530479624045403053e-01
0.000000000000000000e+00,7.161321725843425856e-01
2.300731011791030123e-01,2.268332358384813341e-01
2.224253490840489011e-01,2.153094118241600796e-01
2.199818674616977887e-01,2.239287793693034712e-01
0.000000000000000000e+00,6.938653455797695324e-01
2.309647654104460268e-01,2.155424539011604468e-01
0.000000000000000000e+00,6.760338060183430642e-01
2.419841791360111127e-01,2.411709365544925099e-01
4.667974299832958196e-01,0.000000000000000000e+00
0.000000000000000000e+00,6.361367147865701899e-01
0.000000000000000000e+00,5.432348340516992558e-01
2.750139796300536399e-01,2.650201919619245561e-01
6.222069087199166848e-01,0.000000000000000000e+00
2.156889698827027524e-01,2.142655359884634014e-01
0.000000000000000000e+00,6.619589400660245149e-01
0.000000000000000000e+00,6.639500345465438880e-01
2.368749709731763353e-01,2.240194309713602616e-01
4.639782278204073740e-01,0.000000000000000000e+00
0.000000000000000000e+00,6.389371994798609400e-01
2.157957001132322639e-01,2.228198933564935480e-01
0.000000000000000000e+00,5.284280974699305800e-01
0.000000000000000000e+00,6.743533996310950851e-01
2.304604537017148902e-01,2.527504199587648492e-01
0.000000000000000000e+00,6.869500200282201430e-01
2.431947143229995778e-01,2.288848099437204298e-01
2.405787969410422555e-01,2.344804676985933478e-01
2.371491477719774310e-01,2.436470758604361020e-01
0.000000000000000000e+00,5.913798761137042392e-01
2.611510209173013020e-01,2.560342343961010680e-01
0.000000000000000000e+00,5.158152357821583767e-01
0.000000000000000000e+00,4.557422772335241179e-01
0.000000000000000000e+00,6.326890711382717747e-01
0.000000000000000000e+00,6.467234122275360431e-01
0.000000000000000000e+00,6.092912139973163388e-01
2.187365826908668764e-01,2.325020254118208007e-01
0.000000000000000000e+00,7.361986413096019977e-01
2.429273389870515998e-01,2.476572223123400807e-01
0.000000000000000000e+00,6.227963250163661701e-01
0.000000000000000000e+00,5.489073162813143947e-01
7.350361017117182927e-01,0.000000000000000000e+00
2.427302216629439735e-01,2.471781129761350948e-01
0.000000000000000000e+00,6.289883027610922994e-01
0.000000000000000000e+00,6.804574175202159347e-01
2.450861194542116039e-01,2.231359163176571681e-01
0.000000000000000000e+00,6.185319772806957550e-01
2.071280457470296155e-01,2.083352341066789792e-01
0.000000000000000000e+00,6.397947587305355954e-01
2.436825070026947815e-01,2.549606946983858369e-01
2.271198834119084464e-01,2.236722974721331580e-01
0.000000000000000000e+00,5.047411541110294886e-01
0.000000000000000000e+00,6.092313176367424310e-01
0.000000000000000000e+00,6.022052622868259153e-01
2.143818624714566023e-01,2.135972763990191259e-01
2.433715719151091084e-01,2.461965328888687798e-01
2.279105572631405230e-01,2.431824819083913680e-01
0.000000000000000000e+00,6.106304112737243051e-01
2.665244673447162982e-01,2.394246690473706141e-01
0.000000000000000000e+00,4.713238153024898458e-01
0.000000000000000000e+00,5.993298728527561847e-01
2.728591443790100435e-01,2.670048072207745760e-01
0.000000000000000000e+00,5.747109199274984537e-01
0.000000000000000000e+00,6.188272018923383078e-01
0.000000000000000000e+00,4.640610659056897958e-01
0.000000000000000000e+00,5.730769180978910748e-01
0.000000000000000000e+00,6.110646772992361919e-01
4.687320900136757729e-01,0.000000000000000000e+00
2.110494175073789891e-01,2.117608223683300206e-01
0.000000000000000000e+00,6.220475074530343873e-01
0.000000000000000000e+00,4.386534149554189299e-01
0.000000000000000000e+00,7.231854294244196568e-01
0.000000000000000000e+00,4.784110304482813714e-01
2.316995508502289192e-01,2.216659324933624442e-01
2.323159009086516180e-01,2.255287916166882345e-01
0.000000000000000000e+00,5.182546281681943423e-01
0.000000000000000000e+00,6.383698810256326350e-01
2.338403600023338524e-01,2.399351248445580342e-01
0.000000000000000000e+00,4.825380717920609297e-01
0.000000000000000000e+00,5.737869649858107213e-01
2.776629259657577564e-01,2.682145636022332802e-01
0.000000000000000000e+00,4.763303983460457358e-01
0.000000000000000000e+00,7.687468513303959972e-01
0.000000000000000000e+00,6.326673564314898579e-01
2.284226257774856217e-01,2.171926695696185239e-01
0.000000000000000000e+00,6.428503691918175944e-01
2.575010204502228284e-01,2.636030141456258691e-01
2.371595944509569398e-01,2.383310412312652504e-01
2.366524938595862271e-01,2.651253509083607574e-01
2.549129514814901798e-01,2.474264878150270741e-01
2.214703037577174238e-01,2.536802094748159542e-01
0.000000000000000000e+00,6.444491713136716315e-01
2.627322000059438278e-01,2.517336519669536865e-01
2.436306129093003259e-01,2.335325443348958696e-01
0.000000000000000000e+00,6.061989329074045640e-01
0.000000000000000000e+00,5.465656920767159033e-01
2.375406421974134152e-01,2.272513657297938194e-01
2.180857033710897064e-01,2.316733082059301285e-01
2.464391839577091958e-01,2.506520345611905620e-01
0.000000000000000000e+00,5.842224042742106827e-01
2.185086426388861414e-01,2.220164706855339565e-01
0.000000000000000000e+00,5.564676379520795413e-01
2.198562314921527761e-01,2.149478318318316927e-01
0.000000000000000000e+00,6.308445957344825938e-01
2.261131708789456962e-01,2.236058665210891860e-01
2.289202288069077107e-01,2.344338886164393787e-01
6.307283761899941110e-01,0.000000000000000000e+00
5.933909214105657082e-01,0.000000000000000000e+00
0.000000000000000000e+00,6.599081685882364212e-01
0.000000000000000000e+00,6.499404481100430342e-01
0.000000000000000000e+00,7.658424924792016641e-01
0.000000000000000000e+00,6.250647872235466362e-01
0.000000000000000000e+00,6.319755050239367344e-01
0.000000000000000000e+00,4.321288757571513095e-01
2.491783011188621888e-01,2.456352052902476546e-01
2.302162801054113417e-01,2.281567004096194118e-01
0.000000000000000000e+00,4.605365511614056828e-01
0.000000000000000000e+00,7.632305078195231740e-01
2.172307443399956739e-01,2.313425052634400791e-01
0.000000000000000000e+00,5.075121638638815380e-01
0.000000000000000000e+00,6.903963588008684704e-01
2.526917651713747603e-01,2.440560948736101576e-01
0.000000000000000000e+00,6.970914906702021518e-01
0.000000000000000000e+00,6.207881198011215851e-01
2.494609830352852442e-01,2.320125248065101342e-01
2.534347533559164201e-01,2.700689382398499538e-01
0.000000000000000000e+00,6.696290145316006193e-01
0.000000000000000000e+00,6.548837628287355050e-01
2.411206888230942591e-01,2.307343420445950866e-01
2.381221805791141621e-01,2.289944434962305486e-01
0.000000000000000000e+00,6.808872527359309812e-01
0.000000000000000000e+00,6.216084450723108334e-01
0.000000000000000000e+00,6.659654553775432584e-01
2.488004093310135223e-01,2.365092559840749065e-01
2.483562602054064650e-01,2.374145602479417194e-01
0.000000000000000000e+00,6.983306479754654017e-01
0.000000000000000000e+00,6.029688889800632889e-01
0.000000000000000000e+00,4.472927469451598581e-01
0.000000000000000000e+00,6.140677246626230490e-01
2.160577346638900831e-01,2.102106301438551872e-01
0.000000000000000000e+00,6.707232398819809038e-01
0.000000000000000000e+00,7.473614574493490093e-01
2.192820507628477356e-01,2.284284492337103067e-01
2.489640124912513020e-01,2.485371103689508754e-01
0.000000000000000000e+00,6.121845036050905797e-01
0.000000000000000000e+00,6.480062150551100242e-01
2.514038896059468953e-01,2.458073537722141044e-01
2.205247691827994239e-01,2.193813699182269039e-01
0.000000000000000000e+00,6.590439175857187859e-01
0.000000000000000000e+00,5.817381148441906902e-01
2.263942623435285517e-01,2.166726791103134042e-01
6.057464698219806598e-01,0.000000000000000000e+00
0.000000000000000000e+00,7.232323685055223050e-01
6.211218327629863811e-01,0.000000000000000000e+00
0.000000000000000000e+00,5.989817709560270043e-01
0.000000000000000000e+00,5.766212890248061385e-01
2.176274447528201705e-01,2.230332966578245091e-01
2.434311678050487815e-01,2.286504439124758814e-01
0.000000000000000000e+00,6.565760371161895037e-01
0.000000000000000000e+00,6.286832233296311134e-01
2.389366623549354363e-01,2.478758010942792855e-01
0.000000000000000000e+00,6.781642884853470443e-01
0.000000000000000000e+00,6.295840311877861639e-01
0.000000000000000000e+00,6.357581035386379309e-01
2.478661620135184374e-01,2.440837192196968763e-01
0.000000000000000000e+00,4.269816474738394318e-01
2.410821992998494478e-01,2.398684836036351076e-01
0.000000000000000000e+00,5.972637179778994554e-01
2.255930201531747559e-01,2.172708682209093523e-01
2.344884561866465711e-01,2.297309426432691815e-01
0.000000000000000000e+00,4.598236132183806668e-01
0.000000000000000000e+00,4.914208919366380157e-01
0.000000000000000000e+00,6.473616632537565474e-01
0.000000000000000000e+00,4.700309577123471527e-01
2.347883337985360030e-01,2.346715080498553152e-01
0.000000000000000000e+00,5.784180119422464017e-01
0.000000000000000000e+00,4.929118649420954346e-01
2.515011713585736386e-01,2.549795066349499484e-01
0.000000000000000000e+00,4.439791632374958663e-01
2.403602435409200877e-01,2.317964110013099321e-01
0.000000000000000000e+00,6.235469511501896545e-01
0.000000000000000000e+00,4.390420278340168569e-01
0.000000000000000000e+00,6.654985673929353363e-01
2.235234837919864437e-01,2.222514199257127343e-01
0.000000000000000000e+00,4.683165810557316511e-01
0.000000000000000000e+00,6.326327157560496239e-01
0.000000000000000000e+00,4.520402755435441455e-01
0.000000000000000000e+00,5.689320021104581349e-01
0.000000000000000000e+00,6.288966966646589718e-01
2.322148037111801400e-01,2.244454078716051626e-01
0.000000000000000000e+00,7.293503503273729427e-01
0.000000000000000000e+00,6.373386361937359856e-01
0.000000000000000000e+00,4.973300282044817444e-01
0.000000000000000000e+00,6.755816888445352886e-01
0.000000000000000000e+00,7.159532106028264620e-01
2.477542497109335440e-01,2.460436903545487608e-01
0.000000000000000000e+00,4.605346231412509317e-01
0.000000000000000000e+00,6.008681666997808257e-01
2.149912470443302304e-01,2.099583102401950951e-01
6.537449516861559839e-01,0.000000000000000000e+00
2.466475104950008879e-01,2.393497602208257968e-01
2.615059190151919344e-01,2.433512267281894847e-01
0.000000000000000000e+00,6.555643439136298323e-01
0.000000000000000000e+00,7.036581394054193250e-01
0.000000000000000000e+00,7.485163873629226972e-01
2.195532055350529477e-01,2.316550732123179579e-01
2.312403381094440824e-01,2.527068127789425245e-01
0.000000000000000000e+00,6.782966440814356401e-01
6.803474923877320668e-01,0.000000000000000000e+00
2.481507659789270182e-01,2.252992527065480477e-01
2.335169797187978402e-01,2.341588339152179121e-01
2.204497973775010056e-01,2.216625471415291926e-01
0.000000000000000000e+00,6.308024292994462989e-01
2.286966407988546834e-01,2.308512103960598527e-01
0.000000000000000000e+00,6.773452987613235443e-01
0.000000000000000000e+00,6.614549075398584721e-01
2.253823810896657676e-01,2.314981611328559841e-01
0.000000000000000000e+00,7.084658748634359293e-01
2.502702096215951300e-01,2.514710161786213316e-01
2.395405814899138341e-01,2.273917834821520823e-01
4.517598555958056150e-01,0.000000000000000000e+00
6.071050138701520327e-01,0.000000000000000000e+00
0.000000000000000000e+00,6.260548440596279685e-01
0.000000000000000000e+00,7.608010962340219230e-01
2.605668789250483730e-01,2.507742367453746346e-01
0.000000000000000000e+00,6.199433935454262690e-01
0.000000000000000000e+00,5.950975864561756090e-01
0.000000000000000000e+00,6.814751738340084630e-01
6.813500588014225201e-01,0.000000000000000000e+00
0.000000000000000000e+00,6.886200529540548176e-01
0.000000000000000000e+00,6.582942652335822542e-01
0.000000000000000000e+00,6.267650586499626808e-01
0.000000000000000000e+00,6.420384103814794630e-01
2.289089764925285597e-01,2.273677583799277313e-01
0.000000000000000000e+00,6.533343766774515338e-01
2.410867040607560796e-01,2.257829168616962423e-01
2.476059935742463414e-01,2.375703636673664187e-01
2.505888015435629446e-01,2.569200906006680607e-01
2.694873172783442405e-01,2.470222712142261801e-01
2.369399463327457600e-01,2.395068604885913499e-01
0.000000000000000000e+00,5.717482619688706302e-01
0.000000000000000000e+00,7.449898162362563747e-01
2.347303987995555674e-01,2.389200711052391346e-01
2.513384927625705312e-01,2.437764397924186421e-01
0.000000000000000000e+00,6.739366793073645612e-01
0.000000000000000000e+00,6.651855925790580715e-01
2.306914413799754371e-01,2.357118943749159090e-01
0.000000000000000000e+00,7.202528061878645804e-01
0.000000000000000000e+00,6.245827232948736318e-01
2.473128143833775716e-01,2.237375074708236322e-01
2.257794174110452634e-01,2.150593977238556553e-01
2.260179232670795069e-01,2.443754478322853196e-01
0.000000000000000000e+00,7.210053828437954504e-01
2.131472011299756220e-01,2.233442291212311415e-01
2.217237396478835554e-01,2.304966195737694068e-01
2.285457529598621529e-01,2.344347731019143510e-01
0.000000000000000000e+00,6.267849609227141849e-01
6.480862948329038087e-01,0.000000000000000000e+00
2.171645975115047422e-01,2.283810484341419200e-01
2.466550412086572497e-01,2.414941970023532503e-01
0.000000000000000000e+00,5.039970169198394467e-01
0.000000000000000000e+00,6.354094735070264788e-01
0.000000000000000000e+00,4.707062304654057172e-01
2.275036469177192655e-01,2.379340923811465169e-01
2.656810230668412709e-01,2.607316179449478133e-01
0.000000000000000000e+00,6.163249774335902709e-01
0.000000000000000000e+00,4.238312603448679550e-01
2.173827206099960829e-01,2.145319306137437598e-01
0.000000000000000000e+00,7.366561060013968598e-01
0.000000000000000000e+00,7.040651024517136092e-01
2.182307930342768654e-01,2.184887861413830068e-01
2.390564562645900448e-01,2.231564837121602085e-01
0.000000000000000000e+00,6.643300339029385437e-01
0.000000000000000000e+00,4.772239495468981185e-01
0.000000000000000000e+00,4.534857994042608142e-01
0.000000000000000000e+00,6.060396966328854829e-01
0.000000000000000000e+00,4.827205253393367923e-01
2.168970671817533058e-01,2.153512267546489334e-01
2.472393763229824293e-01,2.524714343066406519e-01
0.000000000000000000e+00,6.483296186121396687e-01
0.000000000000000000e+00,4.902631683815160124e-01
0.000000000000000000e+00,6.911471022741410009e-01
6.061850139113499347e-01,0.000000000000000000e+00
0.000000000000000000e+00,4.750913031734331771e-01
2.568696589680614650e-01,2.485108909348697492e-01
2.194929185318260367e-01,2.228876768479204074e-01
0.000000000000000000e+00,4.693568969250414002e-01
0.000000000000000000e+00,5.237924114571625989e-01
0.000000000000000000e+00,7.072620974306575992e-01
2.336962368362351938e-01,2.261170563221475138e-01
2.190993788559144062e-01,2.184854145686525306e-01
2.485676787051454839e-01,2.400946370773974214e-01
2.480002833931169992e-01,2.378846118531662002e-01
0.000000000000000000e+00,4.958862955057788402e-01
0.000000000000000000e+00,4.528577680141737671e-01
0.000000000000000000e+00,6.192310585887540464e-01
0.000000000000000000e+00,4.519431943928274853e-01
0.000000000000000000e+00,4.504886670642906932e-01
0.000000000000000000e+00,6.607401924100759771e-01
2.271216115104327249e-01,2.216947780463847106e-01
0.000000000000000000e+00,4.330701263507756860e-01
0.000000000000000000e+00,5.860183131019657266e-01
0.000000000000000000e+00,6.784711815495130249e-01
0.000000000000000000e+00,5.042713685760005227e-01
2.748110301372244102e-01,2.631056864947862173e-01
6.436097416819002159e-01,0.000000000000000000e+00
0.000000000000000000e+00,4.735112448580026667e-01
2.316424713578744965e-01,2.340663667361254086e-01
0.000000000000000000e+00,5.860450377558421575e-01
2.208856743900592667e-01,2.244983477436999497e-01
0.000000000000000000e+00,4.625399143069460761e-01
0.000000000000000000e+00,6.084256121601991918e-01
0.000000000000000000e+00,7.301635029653825715e-01
2.244418463461555213e-01,2.325670529391816177e-01
2.168901701888304445e-01,2.195727168256546291e-01
0.000000000000000000e+00,7.871591540699641731e-01
2.204265354506527441e-01,2.180803591912982009e-01
2.319466333580617323e-01,2.190967390638069168e-01
2.265453381893286766e-01,2.221562302652466958e-01
2.356264828979784676e-01,2.183646411641468055e-01
0.000000000000000000e+00,4.858458751001681897e-01
0.000000000000000000e+00,5.617697569377009259e-01
0.000000000000000000e+00,5.864673554594029836e-01
0.000000000000000000e+00,7.442956862691836317e-01
0.000000000000000000e+00,8.006774275392793960e-01
2.149590312487958954e-01,2.282463385173879589e-01
2.125762782816253416e-01,2.181392604093849164e-01
0.000000000000000000e+00,4.514681809265143064e-01
0.000000000000000000e+00,5.748010474850082652e-01
2.318102312998795156e-01,2.359480374294426197e-01
2.347076406501104051e-01,2.421899817134406663e-01
0.000000000000000000e+00,5.783488600962690684e-01
0.000000000000000000e+00,7.225043615276107722e-01
2.114316035327790388e-01,2.169483145519059686e-01
2.406771439035577664e-01,2.459626276669719391e-01
0.000000000000000000e+00,6.836563860222948374e-01
2.325825420571780711e-01,2.258630347173148090e-01
0.000000000000000000e+00,6.111838799123388011e-01
0.000000000000000000e+00,6.176355949154630487e-01
0.000000000000000000e+00,7.678780902564641409e-01
0.000000000000000000e+00,5.989482432591293204e-01
0.000000000000000000e+00,6.629744280142767510e-01
0.000000000000000000e+00,6.662393835626398975e-01
0.000000000000000000e+00,6.091627162690341768e-01
0.000000000000000000e+00,7.579633699899381849e-01
0.000000000000000000e+00,5.685059515559965915e-01
0.000000000000000000e+00,6.282427399487586772e-01
0.000000000000000000e+00,7.250433163394477409e-01
0.000000000000000000e+00,6.230269242060635371e-01
2.261770404243786392e-01,2.396312478193105278e-01
0.000000000000000000e+00,7.001886696546982813e-01
0.000000000000000000e+00,6.200513407915411168e-01
0.000000000000000000e+00,6.909014591913071879e-01
0.000000000000000000e+00,7.169229541531564331e-01
2.215733268811303225e-01,2.224905714394035394e-01
2.169273583993507615e-01,2.189369620533961891e-01
0.000000000000000000e+00,5.981222095624795232e-01
2.585347615816118161e-01,2.675675271744363259e-01
0.000000000000000000e+00,6.242679752185180675e-01
0.000000000000000000e+00,6.918774694392425539e-01
0.000000000000000000e+00,6.227031633446706849e-01
2.384624981435543301e-01,2.301324642925806907e-01
0.000000000000000000e+00,7.074674357961039384e-01
0.000000000000000000e+00,6.902960449764496964e-01
0.000000000000000000e+00,6.359669499888420674e-01
2.365231103059266815e-01,2.349701436276836475e-01
2.397020260229437982e-01,2.332140209012439624e-01
0.000000000000000000e+00,6.191488161052813854e-01
2.600872074073986573e-01,2.612101592209554179e-01
0.000000000000000000e+00,5.957793381800989829e-01
2.200204349286021821e-01,2.224832088172630506e-01
0.000000000000000000e+00,6.273984754019962251e-01
0.000000000000000000e+00,6.237802989410624610e-01
0.000000000000000000e+00,6.502019085072536786e-01
0.000000000000000000e+00,5.590789211348583532e-01
0.000000000000000000e+00,6.002827736485044641e-01
0.000000000000000000e+00,6.141198047285388872e-01
0.000000000000000000e+00,6.818880848861653687e-01
2.570989273684500254e-01,2.608666745190946212e-01
0.000000000000000000e+00,7.362709436754779624e-01
2.553723620237414726e-01,2.572212969718130626e-01
0.000000000000000000e+00,6.131505490741584463e-01
2.499932082453570903e-01,2.397508651214381170e-01
0.000000000000000000e+00,6.456403011705591499e-01
2.572907823241664116e-01,2.522632773457981759e-01
2.598418198879351992e-01,2.613459275080724509e-01
0.000000000000000000e+00,6.519748702422487607e-01
0.000000000000000000e+00,7.036778445325490017e-01
2.470853923137940333e-01,2.430341239844912571e-01
0.000000000000000000e+00,6.824886872950831629e-01
0.000000000000000000e+00,6.704955967140322493e-01
0.000000000000000000e+00,6.467044109223065718e-01
2.520422245435508524e-01,2.567770604436592774e-01
2.329395236009121906e-01,2.345829104600185566e-01
2.540036991913916520e-01,2.569944960939611889e-01
2.188469688607939390e-01,2.171463796423235559e-01
0.000000000000000000e+00,6.294389255396468652e-01
0.000000000000000000e+00,6.168807687699352504e-01
0.000000000000000000e+00,6.979230756901119159e-01
0.000000000000000000e+00,6.859053083018032959e-01
2.552936351955867322e-01,2.343361132680406300e-01
0.000000000000000000e+00,5.755768794339944927e-01
0.000000000000000000e+00,6.204595159900080370e-01
0.000000000000000000e+00,6.747563929429752916e-01
0.000000000000000000e+00,6.799747494664761804e-01
2.305858260466524812e-01,2.253435429516715272e-01
2.354205012651492956e-01,2.306259956030154157e-01
0.000000000000000000e+00,7.447938697923197626e-01
2.202316191719861371e-01,2.260525993812876611e-01
2.429267060348773433e-01,2.407712560558164239e-01
7.297503510832010765e-01,0.000000000000000000e+00
0.000000000000000000e+00,6.117578687412389415e-01
0.000000000000000000e+00,6.418736664919170165e-01
0.000000000000000000e+00,6.622695911976717031e-01
0.000000000000000000e+00,5.839860330433945812e-01
0.000000000000000000e+00,7.032037004977421679e-01
2.280834206996546210e-01,2.444503043811013521e-01
2.526642406094613547e-01,2.709175715649228544e-01
6.424148789594233966e-01,0.000000000000000000e+00
0.000000000000000000e+00,6.300336781066020464e-01
7.631189277578297459e-01,0.000000000000000000e+00
0.000000000000000000e+00,6.612935075458029610e-01
2.488784780298536892e-01,2.417925048605879812e-01
0.000000000000000000e+00,7.097493964524180798e-01
0.000000000000000000e+00,6.126754566867198548e-01
0.000000000000000000e+00,6.888509540950941146e-01
0.000000000000000000e+00,6.673119294787263067e-01
2.528554660573346657e-01,2.413626585007875858e-01
2.237604270568609444e-01,2.214846890448626815e-01
2.301641165837899350e-01,2.248979745465222169e-01
0.000000000000000000e+00,6.242588880548913810e-01
2.342674764145688260e-01,2.397535457012117122e-01
0.000000000000000000e+00,6.316871763566612730e-01
6.706766290850468826e-01,0.000000000000000000e+00
5.028449701226882507e-01,0.000000000000000000e+00
0.000000000000000000e+00,6.551912384406101131e-01
2.303892344990972063e-01,2.468597381031168991e-01
0.000000000000000000e+00,7.505325258937121102e-01
0.000000000000000000e+00,6.789837277194438192e-01
0.000000000000000000e+00,6.286686237660092935e-01
2.161095036605869268e-01,2.252950261320830483e-01
0.000000000000000000e+00,6.109637700099208590e-01
0.000000000000000000e+00,6.551029156411491972e-01
2.383801982542430031e-01,2.400667324538016678e-01
2.109340416053713529e-01,2.199389367925306260e-01
2.290689401971222894e-01,2.411396227479918886e-01
2.499781865200323416e-01,2.492769874593887269e-01
0.000000000000000000e+00,6.048938739768789929e-01
0.000000000000000000e+00,6.813140614100042791e-01
0.000000000000000000e+00,7.126583131513284375e-01
0.000000000000000000e+00,6.695448229818706798e-01
2.218099666292258076e-01,2.262611088033273099e-01
